effective_date,key_rate,change_pp,fx_proxy_date,matched_official_fx_record,date_definition,announcement_date_verified
2014-03-03,7.0,1.5,2014-03-04,True,Дата вступления ставки в силу + 1 календарный день; прокси даты наблюдения официального курса,False
2014-04-28,7.5,0.5,2014-04-29,True,Дата вступления ставки в силу + 1 календарный день; прокси даты наблюдения официального курса,False
2014-07-28,8.0,0.5,2014-07-29,True,Дата вступления ставки в силу + 1 календарный день; прокси даты наблюдения официального курса,False
2014-11-05,9.5,1.5,2014-11-06,True,Дата вступления ставки в силу + 1 календарный день; прокси даты наблюдения официального курса,False
2014-12-12,10.5,1.0,2014-12-13,True,Дата вступления ставки в силу + 1 календарный день; прокси даты наблюдения официального курса,False
2014-12-16,17.0,6.5,2014-12-17,True,Дата вступления ставки в силу + 1 календарный день; прокси даты наблюдения официального курса,False
2015-02-02,15.0,-2.0,2015-02-03,True,Дата вступления ставки в силу + 1 календарный день; прокси даты наблюдения официального курса,False
2015-03-16,14.0,-1.0,2015-03-17,True,Дата вступления ставки в силу + 1 календарный день; прокси даты наблюдения официального курса,False
2015-05-05,12.5,-1.5,2015-05-06,True,Дата вступления ставки в силу + 1 календарный день; прокси даты наблюдения официального курса,False
2015-06-16,11.5,-1.0,2015-06-17,True,Дата вступления ставки в силу + 1 календарный день; прокси даты наблюдения официального курса,False
2015-08-03,11.0,-0.5,2015-08-04,True,Дата вступления ставки в силу + 1 календарный день; прокси даты наблюдения официального курса,False
2016-06-14,10.5,-0.5,2016-06-15,True,Дата вступления ставки в силу + 1 календарный день; прокси даты наблюдения официального курса,False
2016-09-19,10.0,-0.5,2016-09-20,True,Дата вступления ставки в силу + 1 календарный день; прокси даты наблюдения официального курса,False
2017-03-27,9.75,-0.25,2017-03-28,True,Дата вступления ставки в силу + 1 календарный день; прокси даты наблюдения официального курса,False
2017-05-02,9.25,-0.5,2017-05-03,True,Дата вступления ставки в силу + 1 календарный день; прокси даты наблюдения официального курса,False
2017-06-19,9.0,-0.25,2017-06-20,True,Дата вступления ставки в силу + 1 календарный день; прокси даты наблюдения официального курса,False
2017-09-18,8.5,-0.5,2017-09-19,True,Дата вступления ставки в силу + 1 календарный день; прокси даты наблюдения официального курса,False
2017-10-30,8.25,-0.25,2017-10-31,True,Дата вступления ставки в силу + 1 календарный день; прокси даты наблюдения официального курса,False
2017-12-18,7.75,-0.5,2017-12-19,True,Дата вступления ставки в силу + 1 календарный день; прокси даты наблюдения официального курса,False
2018-02-12,7.5,-0.25,2018-02-13,True,Дата вступления ставки в силу + 1 календарный день; прокси даты наблюдения официального курса,False
2018-03-26,7.25,-0.25,2018-03-27,True,Дата вступления ставки в силу + 1 календарный день; прокси даты наблюдения официального курса,False
2018-09-17,7.5,0.25,2018-09-18,True,Дата вступления ставки в силу + 1 календарный день; прокси даты наблюдения официального курса,False
2018-12-17,7.75,0.25,2018-12-18,True,Дата вступления ставки в силу + 1 календарный день; прокси даты наблюдения официального курса,False
2019-06-17,7.5,-0.25,2019-06-18,True,Дата вступления ставки в силу + 1 календарный день; прокси даты наблюдения официального курса,False
2019-07-29,7.25,-0.25,2019-07-30,True,Дата вступления ставки в силу + 1 календарный день; прокси даты наблюдения официального курса,False
2019-09-09,7.0,-0.25,2019-09-10,True,Дата вступления ставки в силу + 1 календарный день; прокси даты наблюдения официального курса,False
2019-10-28,6.5,-0.5,2019-10-29,True,Дата вступления ставки в силу + 1 календарный день; прокси даты наблюдения официального курса,False
2019-12-16,6.25,-0.25,2019-12-17,True,Дата вступления ставки в силу + 1 календарный день; прокси даты наблюдения официального курса,False
2020-02-10,6.0,-0.25,2020-02-11,True,Дата вступления ставки в силу + 1 календарный день; прокси даты наблюдения официального курса,False
2020-04-27,5.5,-0.5,2020-04-28,True,Дата вступления ставки в силу + 1 календарный день; прокси даты наблюдения официального курса,False
2020-06-22,4.5,-1.0,2020-06-23,True,Дата вступления ставки в силу + 1 календарный день; прокси даты наблюдения официального курса,False
2020-07-27,4.25,-0.25,2020-07-28,True,Дата вступления ставки в силу + 1 календарный день; прокси даты наблюдения официального курса,False
2021-03-22,4.5,0.25,2021-03-23,True,Дата вступления ставки в силу + 1 календарный день; прокси даты наблюдения официального курса,False
2021-04-26,5.0,0.5,2021-04-27,True,Дата вступления ставки в силу + 1 календарный день; прокси даты наблюдения официального курса,False
2021-06-15,5.5,0.5,2021-06-16,True,Дата вступления ставки в силу + 1 календарный день; прокси даты наблюдения официального курса,False
2021-07-26,6.5,1.0,2021-07-27,True,Дата вступления ставки в силу + 1 календарный день; прокси даты наблюдения официального курса,False
2021-09-13,6.75,0.25,2021-09-14,True,Дата вступления ставки в силу + 1 календарный день; прокси даты наблюдения официального курса,False
2021-10-25,7.5,0.75,2021-10-26,True,Дата вступления ставки в силу + 1 календарный день; прокси даты наблюдения официального курса,False
2021-12-20,8.5,1.0,2021-12-21,True,Дата вступления ставки в силу + 1 календарный день; прокси даты наблюдения официального курса,False
2022-02-14,9.5,1.0,2022-02-15,True,Дата вступления ставки в силу + 1 календарный день; прокси даты наблюдения официального курса,False
2022-02-28,20.0,10.5,2022-03-01,True,Дата вступления ставки в силу + 1 календарный день; прокси даты наблюдения официального курса,False
2022-04-11,17.0,-3.0,2022-04-12,True,Дата вступления ставки в силу + 1 календарный день; прокси даты наблюдения официального курса,False
2022-05-04,14.0,-3.0,2022-05-05,True,Дата вступления ставки в силу + 1 календарный день; прокси даты наблюдения официального курса,False
2022-05-27,11.0,-3.0,2022-05-28,True,Дата вступления ставки в силу + 1 календарный день; прокси даты наблюдения официального курса,False
2022-06-14,9.5,-1.5,2022-06-15,True,Дата вступления ставки в силу + 1 календарный день; прокси даты наблюдения официального курса,False
2022-07-25,8.0,-1.5,2022-07-26,True,Дата вступления ставки в силу + 1 календарный день; прокси даты наблюдения официального курса,False
2022-09-19,7.5,-0.5,2022-09-20,True,Дата вступления ставки в силу + 1 календарный день; прокси даты наблюдения официального курса,False
2023-07-24,8.5,1.0,2023-07-25,True,Дата вступления ставки в силу + 1 календарный день; прокси даты наблюдения официального курса,False
2023-08-15,12.0,3.5,2023-08-16,True,Дата вступления ставки в силу + 1 календарный день; прокси даты наблюдения официального курса,False
2023-09-18,13.0,1.0,2023-09-19,True,Дата вступления ставки в силу + 1 календарный день; прокси даты наблюдения официального курса,False
2023-10-30,15.0,2.0,2023-10-31,True,Дата вступления ставки в силу + 1 календарный день; прокси даты наблюдения официального курса,False
2023-12-18,16.0,1.0,2023-12-19,True,Дата вступления ставки в силу + 1 календарный день; прокси даты наблюдения официального курса,False
2024-07-29,18.0,2.0,2024-07-30,True,Дата вступления ставки в силу + 1 календарный день; прокси даты наблюдения официального курса,False
2024-09-16,19.0,1.0,2024-09-17,True,Дата вступления ставки в силу + 1 календарный день; прокси даты наблюдения официального курса,False
2024-10-28,21.0,2.0,2024-10-29,True,Дата вступления ставки в силу + 1 календарный день; прокси даты наблюдения официального курса,False
2025-06-09,20.0,-1.0,2025-06-10,True,Дата вступления ставки в силу + 1 календарный день; прокси даты наблюдения официального курса,False
2025-07-28,18.0,-2.0,2025-07-29,True,Дата вступления ставки в силу + 1 календарный день; прокси даты наблюдения официального курса,False
2025-09-15,17.0,-1.0,2025-09-16,True,Дата вступления ставки в силу + 1 календарный день; прокси даты наблюдения официального курса,False
2025-10-27,16.5,-0.5,2025-10-28,True,Дата вступления ставки в силу + 1 календарный день; прокси даты наблюдения официального курса,False
2025-12-22,16.0,-0.5,2025-12-23,True,Дата вступления ставки в силу + 1 календарный день; прокси даты наблюдения официального курса,False
2026-02-16,15.5,-0.5,2026-02-17,True,Дата вступления ставки в силу + 1 календарный день; прокси даты наблюдения официального курса,False
2026-03-23,15.0,-0.5,2026-03-24,True,Дата вступления ставки в силу + 1 календарный день; прокси даты наблюдения официального курса,False
2026-04-27,14.5,-0.5,2026-04-28,True,Дата вступления ставки в силу + 1 календарный день; прокси даты наблюдения официального курса,False
2026-06-22,14.25,-0.25,2026-06-23,True,Дата вступления ставки в силу + 1 календарный день; прокси даты наблюдения официального курса,False
2026-07-27,14.0,-0.25,2026-07-28,True,Дата вступления ставки в силу + 1 календарный день; прокси даты наблюдения официального курса,False
