regime,h,n,rmse_naive,mae_naive,rmse_var2_no_rate,mae_var2_no_rate,rmse_var3_with_rate,mae_var3_with_rate
"все горизонты, вся выборка",1,117,0.05448260340622619,0.032200298280727194,0.06947771516511238,0.03631934195239713,0.05398066053461159,0.03408028576678304
"все горизонты, вся выборка",2,117,0.054662364601495934,0.03242518192953106,0.05980907358843052,0.035581384065767704,0.06072515967631022,0.037653412925292874
"все горизонты, вся выборка",3,117,0.0549439283700245,0.032759039050868376,0.05690610992039802,0.03561015824798132,0.05673315312673021,0.03630605544664905
цель прогноза — кризисный год (2014/2015/2022),1,12,0.1383864846514487,0.09164263705106324,0.19142298810283562,0.11609172627089424,0.12713016633718618,0.07558563259336713
цель прогноза — кризисный год (2014/2015/2022),2,12,0.1383864846514487,0.09164263705106324,0.15171914477128567,0.09542673375137818,0.15267562960747894,0.10893138089008204
цель прогноза — кризисный год (2014/2015/2022),3,12,0.1383864846514487,0.09164263705106324,0.14086925950228266,0.09268125498482173,0.13969471921681892,0.09876025875541651
цель прогноза — спокойный год,1,105,0.03345040351930109,0.02540688813554593,0.03451207729855144,0.02720249803028318,0.037414374619802966,0.029336817558030574
цель прогноза — спокойный год,2,105,0.03377560975975143,0.025657472772784524,0.03681346434438055,0.02874191553026937,0.03801310457748602,0.029507359443602686
цель прогноза — спокойный год,3,105,0.034280897966127835,0.026029484993703254,0.0366127672555192,0.029087747192342424,0.03682736466118491,0.029168432211361332
