date,nominal,value
10.01.2013,1,30.4215
11.01.2013,1,30.3650
12.01.2013,1,30.2537
15.01.2013,1,30.2607
16.01.2013,1,30.2556
17.01.2013,1,30.3399
18.01.2013,1,30.3431
19.01.2013,1,30.2065
22.01.2013,1,30.2970
23.01.2013,1,30.1950
24.01.2013,1,30.2292
25.01.2013,1,30.1648
26.01.2013,1,30.0451
29.01.2013,1,30.0782
30.01.2013,1,30.1513
31.01.2013,1,30.0277
01.02.2013,1,30.0161
02.02.2013,1,29.9966
05.02.2013,1,29.9251
06.02.2013,1,30.1231
07.02.2013,1,29.9598
08.02.2013,1,30.0496
09.02.2013,1,30.1575
12.02.2013,1,30.1590
13.02.2013,1,30.1713
14.02.2013,1,30.0692
15.02.2013,1,30.0773
16.02.2013,1,30.1139
19.02.2013,1,30.1258
20.02.2013,1,30.1277
21.02.2013,1,30.0502
22.02.2013,1,30.2337
23.02.2013,1,30.3596
26.02.2013,1,30.3368
27.02.2013,1,30.5889
28.02.2013,1,30.6202
01.03.2013,1,30.5124
02.03.2013,1,30.6381
05.03.2013,1,30.7870
06.03.2013,1,30.6963
07.03.2013,1,30.6214
08.03.2013,1,30.7628
12.03.2013,1,30.7576
13.03.2013,1,30.7499
14.03.2013,1,30.7209
15.03.2013,1,30.7769
16.03.2013,1,30.7196
19.03.2013,1,30.8908
20.03.2013,1,30.8285
21.03.2013,1,30.9446
22.03.2013,1,30.8923
23.03.2013,1,30.9325
26.03.2013,1,30.7585
27.03.2013,1,30.8734
28.03.2013,1,30.8630
29.03.2013,1,30.9962
30.03.2013,1,31.0834
02.04.2013,1,31.1093
03.04.2013,1,31.1178
04.04.2013,1,31.3918
05.04.2013,1,31.7203
06.04.2013,1,31.6207
09.04.2013,1,31.6144
10.04.2013,1,31.2086
11.04.2013,1,31.0036
12.04.2013,1,30.8814
13.04.2013,1,30.9308
16.04.2013,1,31.3051
17.04.2013,1,31.4512
18.04.2013,1,31.2320
19.04.2013,1,31.7151
20.04.2013,1,31.4605
23.04.2013,1,31.5664
24.04.2013,1,31.6414
25.04.2013,1,31.5917
26.04.2013,1,31.3169
27.04.2013,1,31.2196
30.04.2013,1,31.2559
01.05.2013,1,31.0433
07.05.2013,1,31.0839
08.05.2013,1,31.0789
09.05.2013,1,31.0829
14.05.2013,1,31.3777
15.05.2013,1,31.2778
16.05.2013,1,31.4281
17.05.2013,1,31.4166
18.05.2013,1,31.3931
21.05.2013,1,31.3406
22.05.2013,1,31.1770
23.05.2013,1,31.2280
24.05.2013,1,31.4711
25.05.2013,1,31.3164
28.05.2013,1,31.3025
29.05.2013,1,31.3784
30.05.2013,1,31.5203
31.05.2013,1,31.5893
01.06.2013,1,31.7979
04.06.2013,1,32.0487
05.06.2013,1,31.8344
06.06.2013,1,31.9816
07.06.2013,1,32.1385
08.06.2013,1,32.2397
11.06.2013,1,32.3246
12.06.2013,1,32.3951
14.06.2013,1,32.3467
15.06.2013,1,31.8029
18.06.2013,1,31.6790
19.06.2013,1,31.8824
20.06.2013,1,32.1201
21.06.2013,1,32.7041
22.06.2013,1,32.7433
25.06.2013,1,32.9097
26.06.2013,1,32.7140
27.06.2013,1,32.8876
28.06.2013,1,32.8766
29.06.2013,1,32.7090
02.07.2013,1,32.8517
03.07.2013,1,32.9475
04.07.2013,1,33.2204
05.07.2013,1,33.1605
06.07.2013,1,33.2247
09.07.2013,1,33.3210
10.07.2013,1,33.0842
11.07.2013,1,32.9112
12.07.2013,1,32.5867
13.07.2013,1,32.6429
16.07.2013,1,32.6220
17.07.2013,1,32.5417
18.07.2013,1,32.4526
19.07.2013,1,32.3998
20.07.2013,1,32.4288
23.07.2013,1,32.3236
24.07.2013,1,32.3106
25.07.2013,1,32.3462
26.07.2013,1,32.5376
27.07.2013,1,32.6371
30.07.2013,1,32.8556
31.07.2013,1,32.8901
01.08.2013,1,33.0330
02.08.2013,1,32.9741
03.08.2013,1,33.0978
06.08.2013,1,32.8811
07.08.2013,1,32.9390
08.08.2013,1,32.9848
09.08.2013,1,32.9401
10.08.2013,1,32.8606
13.08.2013,1,32.8910
14.08.2013,1,33.0426
15.08.2013,1,33.1583
16.08.2013,1,33.0004
17.08.2013,1,32.9421
20.08.2013,1,32.9226
21.08.2013,1,33.0006
22.08.2013,1,32.9737
23.08.2013,1,33.1908
24.08.2013,1,33.0552
27.08.2013,1,32.9564
28.08.2013,1,33.1224
29.08.2013,1,33.1798
30.08.2013,1,33.1783
31.08.2013,1,33.2474
03.09.2013,1,33.2522
04.09.2013,1,33.3693
05.09.2013,1,33.4656
06.09.2013,1,33.3901
07.09.2013,1,33.4338
10.09.2013,1,33.3243
11.09.2013,1,33.0600
12.09.2013,1,32.9629
13.09.2013,1,32.6731
14.09.2013,1,32.7406
17.09.2013,1,32.2907
18.09.2013,1,32.3237
19.09.2013,1,32.2450
20.09.2013,1,31.5892
21.09.2013,1,31.7326
24.09.2013,1,31.9106
25.09.2013,1,31.8167
26.09.2013,1,31.9343
27.09.2013,1,32.1736
28.09.2013,1,32.3451
01.10.2013,1,32.4839
02.10.2013,1,32.2965
03.10.2013,1,32.2979
04.10.2013,1,32.1250
05.10.2013,1,32.1005
08.10.2013,1,32.2931
09.10.2013,1,32.2984
10.10.2013,1,32.3619
11.10.2013,1,32.3564
12.10.2013,1,32.2133
15.10.2013,1,32.2663
16.10.2013,1,32.2676
17.10.2013,1,32.2561
18.10.2013,1,32.0816
19.10.2013,1,31.8460
22.10.2013,1,31.9013
23.10.2013,1,31.9346
24.10.2013,1,31.7448
25.10.2013,1,31.6618
26.10.2013,1,31.6775
29.10.2013,1,31.8119
30.10.2013,1,31.9445
31.10.2013,1,32.0613
01.11.2013,1,32.0758
02.11.2013,1,32.1808
06.11.2013,1,32.3509
07.11.2013,1,32.4511
08.11.2013,1,32.3803
09.11.2013,1,32.5479
12.11.2013,1,32.6622
13.11.2013,1,32.8076
14.11.2013,1,32.8184
15.11.2013,1,32.6874
16.11.2013,1,32.6807
19.11.2013,1,32.5658
20.11.2013,1,32.6098
21.11.2013,1,32.7417
22.11.2013,1,33.0180
23.11.2013,1,32.9055
26.11.2013,1,32.7733
27.11.2013,1,32.9879
28.11.2013,1,33.0041
29.11.2013,1,33.1332
30.11.2013,1,33.1916
03.12.2013,1,33.1482
04.12.2013,1,33.2460
05.12.2013,1,33.2632
06.12.2013,1,33.1140
07.12.2013,1,32.9514
10.12.2013,1,32.7782
11.12.2013,1,32.7848
12.12.2013,1,32.7315
13.12.2013,1,32.7518
14.12.2013,1,32.8663
17.12.2013,1,32.8658
18.12.2013,1,32.8646
19.12.2013,1,32.9404
20.12.2013,1,32.9527
21.12.2013,1,32.9798
24.12.2013,1,32.9506
25.12.2013,1,32.6284
26.12.2013,1,32.6487
27.12.2013,1,32.6710
28.12.2013,1,32.6282
31.12.2013,1,32.7292
01.01.2014,1,32.6587
10.01.2014,1,33.1547
11.01.2014,1,33.2062
14.01.2014,1,33.1204
15.01.2014,1,33.2386
16.01.2014,1,33.3562
17.01.2014,1,33.4013
18.01.2014,1,33.4343
21.01.2014,1,33.6429
22.01.2014,1,33.8161
23.01.2014,1,33.8688
24.01.2014,1,34.0334
25.01.2014,1,34.2600
28.01.2014,1,34.7093
29.01.2014,1,34.6250
30.01.2014,1,34.5633
31.01.2014,1,35.2448
01.02.2014,1,35.1800
04.02.2014,1,35.2347
05.02.2014,1,35.4502
06.02.2014,1,34.9592
07.02.2014,1,34.7287
08.02.2014,1,34.6044
11.02.2014,1,34.7636
12.02.2014,1,34.7964
13.02.2014,1,34.7595
14.02.2014,1,34.8611
15.02.2014,1,35.2559
18.02.2014,1,35.0976
19.02.2014,1,35.2386
20.02.2014,1,35.5857
21.02.2014,1,35.7670
22.02.2014,1,35.6828
25.02.2014,1,35.5112
26.02.2014,1,35.5669
27.02.2014,1,35.7872
28.02.2014,1,36.0501
01.03.2014,1,36.1847
04.03.2014,1,36.3784
05.03.2014,1,36.3208
06.03.2014,1,36.0849
07.03.2014,1,36.1251
08.03.2014,1,36.2618
12.03.2014,1,36.4015
13.03.2014,1,36.4865
14.03.2014,1,36.4566
15.03.2014,1,36.6391
18.03.2014,1,36.6505
19.03.2014,1,36.4487
20.03.2014,1,36.2070
21.03.2014,1,36.1081
22.03.2014,1,36.4022
25.03.2014,1,36.1663
26.03.2014,1,35.9316
27.03.2014,1,35.4494
28.03.2014,1,35.5810
29.03.2014,1,35.6871
01.04.2014,1,35.6053
02.04.2014,1,35.0240
03.04.2014,1,35.2517
04.04.2014,1,35.5154
05.04.2014,1,35.5010
08.04.2014,1,35.4679
09.04.2014,1,35.5475
10.04.2014,1,35.7493
11.04.2014,1,35.5581
12.04.2014,1,35.6239
15.04.2014,1,35.9890
16.04.2014,1,35.9635
17.04.2014,1,36.0813
18.04.2014,1,35.9287
19.04.2014,1,35.5389
22.04.2014,1,35.6688
23.04.2014,1,35.6785
24.04.2014,1,35.6625
25.04.2014,1,35.6830
26.04.2014,1,35.9289
29.04.2014,1,36.0245
30.04.2014,1,35.6983
01.05.2014,1,35.7227
06.05.2014,1,35.8381
07.05.2014,1,35.6550
08.05.2014,1,35.4971
09.05.2014,1,35.0343
13.05.2014,1,35.2091
14.05.2014,1,34.8789
15.05.2014,1,34.7090
16.05.2014,1,34.7005
17.05.2014,1,34.7794
20.05.2014,1,34.7394
21.05.2014,1,34.6007
22.05.2014,1,34.5078
23.05.2014,1,34.2802
24.05.2014,1,34.3139
27.05.2014,1,34.0771
28.05.2014,1,34.2571
29.05.2014,1,34.4895
30.05.2014,1,34.6481
31.05.2014,1,34.7352
03.06.2014,1,34.8887
04.06.2014,1,35.0115
05.06.2014,1,35.1398
06.06.2014,1,34.9043
07.06.2014,1,34.6573
10.06.2014,1,34.3303
11.06.2014,1,34.3681
12.06.2014,1,34.3227
17.06.2014,1,34.5654
18.06.2014,1,34.8095
19.06.2014,1,34.8232
20.06.2014,1,34.3025
21.06.2014,1,34.4190
24.06.2014,1,34.2797
25.06.2014,1,33.9812
26.06.2014,1,33.9070
27.06.2014,1,33.7508
28.06.2014,1,33.6306
01.07.2014,1,33.8434
02.07.2014,1,34.2275
03.07.2014,1,34.2496
04.07.2014,1,34.1949
05.07.2014,1,34.3236
08.07.2014,1,34.5691
09.07.2014,1,34.4258
10.07.2014,1,34.0758
11.07.2014,1,33.8353
12.07.2014,1,34.0582
15.07.2014,1,34.3135
16.07.2014,1,34.3723
17.07.2014,1,34.3853
18.07.2014,1,34.7998
19.07.2014,1,35.1627
22.07.2014,1,35.0900
23.07.2014,1,35.0387
24.07.2014,1,34.8101
25.07.2014,1,35.0786
26.07.2014,1,35.0535
29.07.2014,1,35.3457
30.07.2014,1,35.6339
31.07.2014,1,35.7271
01.08.2014,1,35.4438
02.08.2014,1,35.7272
05.08.2014,1,35.6605
06.08.2014,1,35.7987
07.08.2014,1,36.1102
08.08.2014,1,36.2496
09.08.2014,1,36.4461
12.08.2014,1,36.0475
13.08.2014,1,36.0890
14.08.2014,1,36.2222
15.08.2014,1,36.0395
16.08.2014,1,36.0014
19.08.2014,1,36.0294
20.08.2014,1,36.1094
21.08.2014,1,36.2240
22.08.2014,1,36.3317
23.08.2014,1,36.0027
26.08.2014,1,36.1201
27.08.2014,1,36.1358
28.08.2014,1,36.1397
29.08.2014,1,36.3053
30.08.2014,1,36.9316
02.09.2014,1,37.2945
03.09.2014,1,37.3480
04.09.2014,1,37.3183
05.09.2014,1,36.8038
06.09.2014,1,36.9219
09.09.2014,1,37.0866
10.09.2014,1,37.0261
11.09.2014,1,37.1693
12.09.2014,1,37.3758
13.09.2014,1,37.6545
16.09.2014,1,37.9861
17.09.2014,1,38.7058
18.09.2014,1,38.3724
19.09.2014,1,38.4209
20.09.2014,1,38.4134
23.09.2014,1,38.5782
24.09.2014,1,38.6672
25.09.2014,1,38.3830
26.09.2014,1,38.3007
27.09.2014,1,38.7243
30.09.2014,1,39.3866
01.10.2014,1,39.3836
02.10.2014,1,39.6604
03.10.2014,1,39.5474
04.10.2014,1,39.6980
07.10.2014,1,39.9820
08.10.2014,1,39.7417
09.10.2014,1,39.9819
10.10.2014,1,39.9800
11.10.2014,1,40.2125
14.10.2014,1,40.3251
15.10.2014,1,40.5304
16.10.2014,1,40.9416
17.10.2014,1,40.7457
18.10.2014,1,41.0450
21.10.2014,1,40.8815
22.10.2014,1,41.0501
23.10.2014,1,40.9671
24.10.2014,1,41.4958
25.10.2014,1,41.8101
28.10.2014,1,41.9497
29.10.2014,1,42.3934
30.10.2014,1,42.6525
31.10.2014,1,43.3943
01.11.2014,1,41.9627
06.11.2014,1,44.3993
07.11.2014,1,45.1854
08.11.2014,1,47.8774
11.11.2014,1,45.8926
12.11.2014,1,45.9520
13.11.2014,1,46.3379
14.11.2014,1,46.1233
15.11.2014,1,47.3920
18.11.2014,1,47.3329
19.11.2014,1,46.9797
20.11.2014,1,47.0294
21.11.2014,1,46.7047
22.11.2014,1,45.7926
25.11.2014,1,44.7852
26.11.2014,1,44.9758
27.11.2014,1,46.4244
28.11.2014,1,47.6629
29.11.2014,1,49.3220
02.12.2014,1,51.8068
03.12.2014,1,50.7678
04.12.2014,1,54.3821
05.12.2014,1,52.6932
06.12.2014,1,53.1088
09.12.2014,1,53.3079
10.12.2014,1,54.2116
11.12.2014,1,54.2758
12.12.2014,1,54.7932
13.12.2014,1,56.8919
16.12.2014,1,58.3461
17.12.2014,1,61.1512
18.12.2014,1,67.7851
19.12.2014,1,59.6029
20.12.2014,1,60.6825
23.12.2014,1,56.4940
24.12.2014,1,54.5687
25.12.2014,1,54.4913
26.12.2014,1,52.6159
27.12.2014,1,52.0343
30.12.2014,1,56.6801
31.12.2014,1,56.2584
01.01.2015,1,56.2376
13.01.2015,1,62.7363
14.01.2015,1,64.8425
15.01.2015,1,66.0983
16.01.2015,1,64.8337
17.01.2015,1,65.1738
20.01.2015,1,64.9732
21.01.2015,1,64.9862
22.01.2015,1,65.5558
23.01.2015,1,65.4000
24.01.2015,1,63.3930
27.01.2015,1,65.5937
28.01.2015,1,67.8153
29.01.2015,1,67.1506
30.01.2015,1,68.7303
31.01.2015,1,68.9291
03.02.2015,1,69.6640
04.02.2015,1,67.7727
05.02.2015,1,65.4470
06.02.2015,1,68.6113
07.02.2015,1,66.0432
10.02.2015,1,65.7817
11.02.2015,1,65.4469
12.02.2015,1,66.0585
13.02.2015,1,66.0994
14.02.2015,1,65.0862
17.02.2015,1,62.6632
18.02.2015,1,62.8353
19.02.2015,1,62.4001
20.02.2015,1,62.1307
21.02.2015,1,61.7235
25.02.2015,1,63.5083
26.02.2015,1,62.5906
27.02.2015,1,60.7109
28.02.2015,1,61.2718
03.03.2015,1,62.2248
04.03.2015,1,62.3649
05.03.2015,1,61.8745
06.03.2015,1,61.8457
07.03.2015,1,59.9938
11.03.2015,1,60.6649
12.03.2015,1,62.6797
13.03.2015,1,60.9595
14.03.2015,1,61.3167
17.03.2015,1,62.1497
18.03.2015,1,61.7510
19.03.2015,1,61.3483
20.03.2015,1,59.8308
21.03.2015,1,60.0341
24.03.2015,1,59.4452
25.03.2015,1,58.7710
26.03.2015,1,57.3879
27.03.2015,1,56.4271
28.03.2015,1,57.7279
31.03.2015,1,58.4643
01.04.2015,1,57.6500
02.04.2015,1,58.3536
03.04.2015,1,56.9902
04.04.2015,1,56.7534
07.04.2015,1,56.5161
08.04.2015,1,55.3328
09.04.2015,1,54.0270
10.04.2015,1,52.5424
11.04.2015,1,51.0678
14.04.2015,1,52.4220
15.04.2015,1,51.9749
16.04.2015,1,50.5033
17.04.2015,1,49.6749
18.04.2015,1,50.5295
21.04.2015,1,51.5207
22.04.2015,1,53.9728
23.04.2015,1,53.6555
24.04.2015,1,51.6011
25.04.2015,1,50.2473
28.04.2015,1,51.4690
29.04.2015,1,52.3041
30.04.2015,1,51.7029
01.05.2015,1,51.1388
06.05.2015,1,51.7574
07.05.2015,1,49.9816
08.05.2015,1,50.3615
09.05.2015,1,50.7511
13.05.2015,1,50.9140
14.05.2015,1,49.5366
15.05.2015,1,50.0774
16.05.2015,1,50.0115
19.05.2015,1,49.2175
20.05.2015,1,49.1777
21.05.2015,1,49.7919
22.05.2015,1,49.9204
23.05.2015,1,49.7901
26.05.2015,1,49.8613
27.05.2015,1,50.3223
28.05.2015,1,51.0178
29.05.2015,1,52.2907
30.05.2015,1,52.9716
02.06.2015,1,52.8213
03.06.2015,1,53.4413
04.06.2015,1,53.0590
05.06.2015,1,54.9908
06.06.2015,1,56.2463
09.06.2015,1,56.0435
10.06.2015,1,55.9100
11.06.2015,1,54.8219
12.06.2015,1,54.5285
16.06.2015,1,55.2679
17.06.2015,1,54.0409
18.06.2015,1,53.8999
19.06.2015,1,53.3301
20.06.2015,1,53.8006
23.06.2015,1,53.5569
24.06.2015,1,54.2081
25.06.2015,1,54.0746
26.06.2015,1,54.6026
27.06.2015,1,54.8126
30.06.2015,1,55.5240
01.07.2015,1,55.8413
02.07.2015,1,55.4756
03.07.2015,1,55.6555
04.07.2015,1,55.6049
07.07.2015,1,56.4112
08.07.2015,1,57.2192
09.07.2015,1,57.2174
10.07.2015,1,56.9803
11.07.2015,1,56.6685
14.07.2015,1,56.6079
15.07.2015,1,56.9774
16.07.2015,1,56.6642
17.07.2015,1,56.9504
18.07.2015,1,56.8423
21.07.2015,1,56.8336
22.07.2015,1,57.0025
23.07.2015,1,57.0232
24.07.2015,1,57.3578
25.07.2015,1,58.0374
28.07.2015,1,58.7816
29.07.2015,1,60.2231
30.07.2015,1,59.7665
31.07.2015,1,58.9906
01.08.2015,1,60.3458
04.08.2015,1,62.4677
05.08.2015,1,62.9182
06.08.2015,1,62.7184
07.08.2015,1,63.8644
08.08.2015,1,63.8399
11.08.2015,1,64.4977
12.08.2015,1,63.2098
13.08.2015,1,65.0169
14.08.2015,1,63.9988
15.08.2015,1,64.9363
18.08.2015,1,65.5034
19.08.2015,1,65.8289
20.08.2015,1,65.7222
21.08.2015,1,66.9608
22.08.2015,1,68.1216
25.08.2015,1,70.7465
26.08.2015,1,69.9461
27.08.2015,1,69.3142
28.08.2015,1,67.4473
29.08.2015,1,66.4779
01.09.2015,1,66.7152
02.09.2015,1,65.3495
03.09.2015,1,66.6756
04.09.2015,1,67.0102
05.09.2015,1,67.6850
08.09.2015,1,68.4864
09.09.2015,1,68.7932
10.09.2015,1,67.6219
11.09.2015,1,68.4961
12.09.2015,1,68.0093
15.09.2015,1,67.9571
16.09.2015,1,67.1574
17.09.2015,1,65.9273
18.09.2015,1,65.3623
19.09.2015,1,65.6445
22.09.2015,1,66.1455
23.09.2015,1,66.1747
24.09.2015,1,66.0410
25.09.2015,1,66.5151
26.09.2015,1,65.6727
29.09.2015,1,65.5470
30.09.2015,1,66.2367
01.10.2015,1,65.7364
02.10.2015,1,65.0336
03.10.2015,1,65.9414
06.10.2015,1,65.6248
07.10.2015,1,65.0962
08.10.2015,1,62.7061
09.10.2015,1,62.2942
10.10.2015,1,61.2967
13.10.2015,1,61.1535
14.10.2015,1,62.2237
15.10.2015,1,63.1248
16.10.2015,1,62.2433
17.10.2015,1,61.3587
20.10.2015,1,61.4419
21.10.2015,1,62.1620
22.10.2015,1,62.6309
23.10.2015,1,62.7888
24.10.2015,1,61.9286
27.10.2015,1,62.5038
28.10.2015,1,63.5004
29.10.2015,1,65.3159
30.10.2015,1,64.1686
31.10.2015,1,64.3742
03.11.2015,1,63.7993
04.11.2015,1,63.8525
06.11.2015,1,63.3991
07.11.2015,1,63.6832
10.11.2015,1,64.6606
11.11.2015,1,64.3908
12.11.2015,1,64.5693
13.11.2015,1,65.4541
14.11.2015,1,66.6343
17.11.2015,1,66.4607
18.11.2015,1,65.4799
19.11.2015,1,64.7785
20.11.2015,1,64.9120
21.11.2015,1,64.8673
24.11.2015,1,65.5973
25.11.2015,1,65.6210
26.11.2015,1,65.4789
27.11.2015,1,65.6836
28.11.2015,1,66.2393
01.12.2015,1,66.7370
02.12.2015,1,66.2584
03.12.2015,1,66.7402
04.12.2015,1,67.7691
05.12.2015,1,67.6698
08.12.2015,1,68.5156
09.12.2015,1,69.3026
10.12.2015,1,69.2000
11.12.2015,1,69.2151
12.12.2015,1,69.1755
15.12.2015,1,70.2244
16.12.2015,1,70.8295
17.12.2015,1,70.4012
18.12.2015,1,70.5806
19.12.2015,1,71.3215
22.12.2015,1,71.2553
23.12.2015,1,71.1211
24.12.2015,1,70.9333
25.12.2015,1,69.5165
26.12.2015,1,70.2690
29.12.2015,1,70.7865
30.12.2015,1,72.5066
31.12.2015,1,72.8827
01.01.2016,1,72.9299
12.01.2016,1,75.9507
13.01.2016,1,76.6041
14.01.2016,1,76.4275
15.01.2016,1,76.5230
16.01.2016,1,76.5650
19.01.2016,1,78.6678
20.01.2016,1,78.4862
21.01.2016,1,79.4614
22.01.2016,1,83.5913
23.01.2016,1,80.5714
26.01.2016,1,77.7965
27.01.2016,1,81.8394
28.01.2016,1,78.9969
29.01.2016,1,77.3674
30.01.2016,1,75.1723
02.02.2016,1,76.3264
03.02.2016,1,77.9273
04.02.2016,1,79.2593
05.02.2016,1,76.4609
06.02.2016,1,77.3409
09.02.2016,1,76.8614
10.02.2016,1,78.6805
11.02.2016,1,79.0689
12.02.2016,1,79.1144
13.02.2016,1,79.4951
16.02.2016,1,77.7792
17.02.2016,1,76.2450
18.02.2016,1,77.8503
19.02.2016,1,75.4575
20.02.2016,1,76.3657
21.02.2016,1,77.1326
25.02.2016,1,76.3928
26.02.2016,1,76.3929
27.02.2016,1,75.0903
01.03.2016,1,75.8994
02.03.2016,1,74.0536
03.03.2016,1,73.6256
04.03.2016,1,73.8242
05.03.2016,1,73.1854
10.03.2016,1,72.3775
11.03.2016,1,71.0928
12.03.2016,1,70.3067
15.03.2016,1,70.1542
16.03.2016,1,70.5408
17.03.2016,1,71.0256
18.03.2016,1,68.5598
19.03.2016,1,68.4026
22.03.2016,1,68.8086
23.03.2016,1,67.7764
24.03.2016,1,67.6409
25.03.2016,1,68.9328
26.03.2016,1,68.4346
29.03.2016,1,67.7807
30.03.2016,1,68.7549
31.03.2016,1,67.6076
01.04.2016,1,67.8552
02.04.2016,1,67.1410
05.04.2016,1,68.6753
06.04.2016,1,68.8901
07.04.2016,1,68.5215
08.04.2016,1,67.7960
09.04.2016,1,67.4662
12.04.2016,1,67.1250
13.04.2016,1,66.3456
14.04.2016,1,65.7662
15.04.2016,1,66.4954
16.04.2016,1,66.0452
19.04.2016,1,68.2724
20.04.2016,1,65.6474
21.04.2016,1,66.0364
22.04.2016,1,65.0254
23.04.2016,1,66.2198
26.04.2016,1,66.6295
27.04.2016,1,66.4559
28.04.2016,1,65.1618
29.04.2016,1,65.1133
30.04.2016,1,64.3334
05.05.2016,1,66.1718
06.05.2016,1,65.8918
07.05.2016,1,66.1928
11.05.2016,1,66.3277
12.05.2016,1,66.2428
13.05.2016,1,64.9607
14.05.2016,1,64.9306
17.05.2016,1,64.8895
18.05.2016,1,64.5138
19.05.2016,1,65.0641
20.05.2016,1,66.2110
21.05.2016,1,66.3775
24.05.2016,1,67.0475
25.05.2016,1,67.0493
26.05.2016,1,65.8949
27.05.2016,1,65.2062
28.05.2016,1,66.0413
31.05.2016,1,66.0825
01.06.2016,1,65.9962
02.06.2016,1,66.6156
03.06.2016,1,66.7491
04.06.2016,1,66.8529
07.06.2016,1,65.7894
08.06.2016,1,65.2089
09.06.2016,1,64.6797
10.06.2016,1,63.7402
11.06.2016,1,64.7077
15.06.2016,1,66.0306
16.06.2016,1,65.9156
17.06.2016,1,65.8618
18.06.2016,1,65.4398
21.06.2016,1,64.1509
22.06.2016,1,64.1743
23.06.2016,1,63.7162
24.06.2016,1,64.3212
25.06.2016,1,65.5287
28.06.2016,1,65.0588
29.06.2016,1,64.8095
30.06.2016,1,64.2575
01.07.2016,1,64.1755
02.07.2016,1,64.0165
05.07.2016,1,63.6844
06.07.2016,1,64.2676
07.07.2016,1,64.6304
08.07.2016,1,64.0500
09.07.2016,1,64.2488
12.07.2016,1,64.2024
13.07.2016,1,63.9029
14.07.2016,1,63.8531
15.07.2016,1,63.5773
16.07.2016,1,63.1697
19.07.2016,1,63.1154
20.07.2016,1,62.9891
21.07.2016,1,63.4183
22.07.2016,1,63.7373
23.07.2016,1,64.6270
26.07.2016,1,64.9184
27.07.2016,1,65.7408
28.07.2016,1,65.9467
29.07.2016,1,66.1125
30.07.2016,1,67.0512
02.08.2016,1,65.9553
03.08.2016,1,66.8816
04.08.2016,1,66.7420
05.08.2016,1,66.3941
06.08.2016,1,65.5627
09.08.2016,1,65.0799
10.08.2016,1,64.7848
11.08.2016,1,64.8137
12.08.2016,1,64.9497
13.08.2016,1,64.3364
16.08.2016,1,64.2076
17.08.2016,1,63.9514
18.08.2016,1,63.9943
19.08.2016,1,63.5487
20.08.2016,1,63.9391
23.08.2016,1,64.2078
24.08.2016,1,64.7684
25.08.2016,1,64.8140
26.08.2016,1,64.9459
27.08.2016,1,64.7380
30.08.2016,1,65.0810
31.08.2016,1,64.9072
01.09.2016,1,65.2535
02.09.2016,1,65.2566
03.09.2016,1,65.8684
06.09.2016,1,64.7644
07.09.2016,1,64.8306
08.09.2016,1,64.3804
09.09.2016,1,63.9730
10.09.2016,1,64.1617
13.09.2016,1,65.0539
14.09.2016,1,64.8102
15.09.2016,1,64.9737
16.09.2016,1,65.2170
17.09.2016,1,64.9940
20.09.2016,1,64.9173
21.09.2016,1,64.7513
22.09.2016,1,64.4424
23.09.2016,1,63.7942
24.09.2016,1,63.8642
27.09.2016,1,64.1506
28.09.2016,1,63.6921
29.09.2016,1,63.9509
30.09.2016,1,63.1581
01.10.2016,1,63.3960
04.10.2016,1,62.5477
05.10.2016,1,62.4323
06.10.2016,1,62.4583
07.10.2016,1,62.3900
08.10.2016,1,62.3031
11.10.2016,1,62.3884
12.10.2016,1,62.1946
13.10.2016,1,62.5892
14.10.2016,1,63.3465
15.10.2016,1,62.9934
18.10.2016,1,63.1510
19.10.2016,1,62.8900
20.10.2016,1,62.5841
21.10.2016,1,62.4194
22.10.2016,1,62.4499
25.10.2016,1,62.2349
26.10.2016,1,62.0480
27.10.2016,1,62.2597
28.10.2016,1,63.0399
29.10.2016,1,62.9037
01.11.2016,1,63.2174
02.11.2016,1,63.2025
03.11.2016,1,63.4166
04.11.2016,1,63.5043
08.11.2016,1,63.9074
09.11.2016,1,63.7364
10.11.2016,1,63.8928
11.11.2016,1,63.4161
12.11.2016,1,65.2167
15.11.2016,1,65.8591
16.11.2016,1,65.5548
17.11.2016,1,64.5463
18.11.2016,1,64.9154
19.11.2016,1,65.1023
22.11.2016,1,64.3580
23.11.2016,1,63.6282
24.11.2016,1,64.0087
25.11.2016,1,64.6279
26.11.2016,1,64.6174
29.11.2016,1,64.9153
30.11.2016,1,64.9449
01.12.2016,1,65.2382
02.12.2016,1,63.6807
03.12.2016,1,64.1528
06.12.2016,1,63.9242
07.12.2016,1,63.8741
08.12.2016,1,63.9114
09.12.2016,1,63.3901
10.12.2016,1,63.3028
13.12.2016,1,61.5804
14.12.2016,1,61.0690
15.12.2016,1,60.8079
16.12.2016,1,61.6368
17.12.2016,1,61.7515
20.12.2016,1,61.7931
21.12.2016,1,61.7967
22.12.2016,1,61.1092
23.12.2016,1,60.8641
24.12.2016,1,60.8528
27.12.2016,1,60.9084
28.12.2016,1,60.8587
29.12.2016,1,60.6669
30.12.2016,1,60.2730
31.12.2016,1,60.6569
10.01.2017,1,59.8961
11.01.2017,1,59.9533
12.01.2017,1,60.1614
13.01.2017,1,59.4978
14.01.2017,1,59.3700
17.01.2017,1,59.6067
18.01.2017,1,59.4015
19.01.2017,1,59.1830
20.01.2017,1,59.3521
21.01.2017,1,59.6697
24.01.2017,1,59.5034
25.01.2017,1,59.2168
26.01.2017,1,59.1489
27.01.2017,1,59.6356
28.01.2017,1,60.3196
31.01.2017,1,60.1618
01.02.2017,1,60.0851
02.02.2017,1,60.3099
03.02.2017,1,59.9858
04.02.2017,1,59.3137
07.02.2017,1,58.7121
08.02.2017,1,59.1933
09.02.2017,1,59.5129
10.02.2017,1,59.0235
11.02.2017,1,58.8457
14.02.2017,1,58.0619
15.02.2017,1,57.7388
16.02.2017,1,56.7719
17.02.2017,1,57.1507
18.02.2017,1,57.6342
21.02.2017,1,58.0967
22.02.2017,1,57.8590
23.02.2017,1,57.4762
28.02.2017,1,57.9371
01.03.2017,1,57.9627
02.03.2017,1,58.3776
03.03.2017,1,58.4067
04.03.2017,1,58.9099
07.03.2017,1,58.3370
08.03.2017,1,58.2630
10.03.2017,1,58.8318
11.03.2017,1,59.2174
14.03.2017,1,59.1327
15.03.2017,1,58.9540
16.03.2017,1,59.1128
17.03.2017,1,58.2437
18.03.2017,1,57.9344
21.03.2017,1,57.2847
22.03.2017,1,57.2323
23.03.2017,1,57.6360
24.03.2017,1,57.5228
25.03.2017,1,57.4247
28.03.2017,1,57.0233
29.03.2017,1,56.9364
30.03.2017,1,57.0241
31.03.2017,1,56.3779
01.04.2017,1,55.9606
04.04.2017,1,56.1396
05.04.2017,1,56.5553
06.04.2017,1,55.8940
07.04.2017,1,56.4369
08.04.2017,1,56.9201
11.04.2017,1,57.3896
12.04.2017,1,56.9552
13.04.2017,1,56.7556
14.04.2017,1,56.6019
15.04.2017,1,56.2945
18.04.2017,1,56.2505
19.04.2017,1,55.9793
20.04.2017,1,56.1753
21.04.2017,1,56.4165
22.04.2017,1,56.2307
25.04.2017,1,56.0794
26.04.2017,1,55.8453
27.04.2017,1,56.3131
28.04.2017,1,56.9707
29.04.2017,1,56.9838
03.05.2017,1,56.9518
04.05.2017,1,57.0927
05.05.2017,1,57.5714
06.05.2017,1,58.5382
11.05.2017,1,58.0824
12.05.2017,1,57.1161
13.05.2017,1,57.1640
16.05.2017,1,56.5258
17.05.2017,1,56.2603
18.05.2017,1,56.7383
19.05.2017,1,57.4683
20.05.2017,1,57.1602
23.05.2017,1,56.4988
24.05.2017,1,56.5552
25.05.2017,1,56.2743
26.05.2017,1,56.0701
27.05.2017,1,56.7560
30.05.2017,1,56.7106
31.05.2017,1,56.5168
01.06.2017,1,56.6876
02.06.2017,1,56.5373
03.06.2017,1,56.6876
06.06.2017,1,56.6152
07.06.2017,1,56.6747
08.06.2017,1,56.5878
09.06.2017,1,56.9857
10.06.2017,1,57.0020
14.06.2017,1,56.9096
15.06.2017,1,57.0303
16.06.2017,1,57.4437
17.06.2017,1,57.7408
20.06.2017,1,57.9585
21.06.2017,1,58.5786
22.06.2017,1,60.0000
23.06.2017,1,60.1482
24.06.2017,1,59.6564
27.06.2017,1,59.0014
28.06.2017,1,58.8843
29.06.2017,1,59.5415
30.06.2017,1,59.0855
01.07.2017,1,59.3862
04.07.2017,1,58.9695
05.07.2017,1,59.2295
06.07.2017,1,59.5787
07.07.2017,1,60.2426
08.07.2017,1,60.3792
11.07.2017,1,60.3014
12.07.2017,1,60.7397
13.07.2017,1,60.6227
14.07.2017,1,60.1836
15.07.2017,1,59.8806
18.07.2017,1,59.0657
19.07.2017,1,59.3705
20.07.2017,1,59.2418
21.07.2017,1,59.0823
22.07.2017,1,58.9325
25.07.2017,1,59.6572
26.07.2017,1,59.8185
27.07.2017,1,59.9102
28.07.2017,1,59.4102
29.07.2017,1,59.5436
01.08.2017,1,60.0633
02.08.2017,1,59.8454
03.08.2017,1,60.5819
04.08.2017,1,60.7503
05.08.2017,1,60.3281
08.08.2017,1,60.0605
09.08.2017,1,59.9886
10.08.2017,1,59.9611
11.08.2017,1,59.9298
12.08.2017,1,60.1873
15.08.2017,1,59.7990
16.08.2017,1,59.9266
17.08.2017,1,59.6521
18.08.2017,1,59.2490
19.08.2017,1,59.3612
22.08.2017,1,59.1409
23.08.2017,1,59.0396
24.08.2017,1,59.1312
25.08.2017,1,59.1397
26.08.2017,1,59.1476
29.08.2017,1,58.5469
30.08.2017,1,58.5320
31.08.2017,1,58.7306
01.09.2017,1,58.5454
02.09.2017,1,58.0557
05.09.2017,1,57.7817
06.09.2017,1,57.8503
07.09.2017,1,57.3387
08.09.2017,1,57.1411
09.09.2017,1,56.9966
12.09.2017,1,57.1694
13.09.2017,1,57.2656
14.09.2017,1,57.6679
15.09.2017,1,57.7706
16.09.2017,1,57.5336
19.09.2017,1,57.6242
20.09.2017,1,58.0993
21.09.2017,1,58.1290
22.09.2017,1,58.2242
23.09.2017,1,57.6527
26.09.2017,1,57.5660
27.09.2017,1,57.5186
28.09.2017,1,58.0102
29.09.2017,1,58.4255
30.09.2017,1,58.0169
03.10.2017,1,57.8134
04.10.2017,1,57.9375
05.10.2017,1,57.7832
06.10.2017,1,57.5811
07.10.2017,1,57.7612
10.10.2017,1,58.3151
11.10.2017,1,58.0713
12.10.2017,1,57.9210
13.10.2017,1,57.6869
14.10.2017,1,57.6196
17.10.2017,1,57.0861
18.10.2017,1,57.3392
19.10.2017,1,57.2721
20.10.2017,1,57.5706
21.10.2017,1,57.5118
24.10.2017,1,57.4706
25.10.2017,1,57.5852
26.10.2017,1,57.6140
27.10.2017,1,57.7643
28.10.2017,1,58.0833
31.10.2017,1,57.8716
01.11.2017,1,58.1179
02.11.2017,1,58.1557
03.11.2017,1,58.0869
04.11.2017,1,58.4296
08.11.2017,1,58.4557
09.11.2017,1,59.2480
10.11.2017,1,59.2527
11.11.2017,1,59.2808
14.11.2017,1,59.1823
15.11.2017,1,59.6207
16.11.2017,1,60.2490
17.11.2017,1,59.9898
18.11.2017,1,59.6325
21.11.2017,1,59.2746
22.11.2017,1,59.4604
23.11.2017,1,59.0061
24.11.2017,1,58.4622
25.11.2017,1,58.5318
28.11.2017,1,58.2773
29.11.2017,1,58.4125
30.11.2017,1,58.3311
01.12.2017,1,58.5814
02.12.2017,1,58.5182
05.12.2017,1,58.9911
06.12.2017,1,58.6924
07.12.2017,1,58.9281
08.12.2017,1,59.2948
09.12.2017,1,59.2811
12.12.2017,1,59.2348
13.12.2017,1,58.8370
14.12.2017,1,59.1446
15.12.2017,1,58.7082
16.12.2017,1,58.8987
19.12.2017,1,58.6940
20.12.2017,1,58.6117
21.12.2017,1,58.7170
22.12.2017,1,58.5596
23.12.2017,1,58.3152
26.12.2017,1,58.1989
27.12.2017,1,57.7343
28.12.2017,1,57.4544
29.12.2017,1,57.6291
30.12.2017,1,57.6002
10.01.2018,1,57.0463
11.01.2018,1,56.8734
12.01.2018,1,56.9957
13.01.2018,1,56.6019
16.01.2018,1,56.3569
17.01.2018,1,56.3878
18.01.2018,1,56.5925
19.01.2018,1,56.7597
20.01.2018,1,56.5892
23.01.2018,1,56.6261
24.01.2018,1,56.4115
25.01.2018,1,56.3888
26.01.2018,1,55.9288
27.01.2018,1,55.8288
30.01.2018,1,56.2908
31.01.2018,1,56.2914
01.02.2018,1,56.1840
02.02.2018,1,56.2613
03.02.2018,1,56.0408
06.02.2018,1,56.6278
07.02.2018,1,57.2196
08.02.2018,1,56.9533
09.02.2018,1,57.6736
10.02.2018,1,58.1718
13.02.2018,1,58.0171
14.02.2018,1,57.7701
15.02.2018,1,57.5899
16.02.2018,1,56.5918
17.02.2018,1,56.3554
20.02.2018,1,56.3438
21.02.2018,1,56.5201
22.02.2018,1,56.6537
23.02.2018,1,56.7608
27.02.2018,1,55.9208
28.02.2018,1,55.6717
01.03.2018,1,56.3742
02.03.2018,1,56.4334
03.03.2018,1,56.6616
06.03.2018,1,57.1000
07.03.2018,1,56.5041
08.03.2018,1,56.8011
13.03.2018,1,56.6122
14.03.2018,1,56.9359
15.03.2018,1,56.9372
16.03.2018,1,57.0188
17.03.2018,1,57.4942
20.03.2018,1,57.5521
21.03.2018,1,57.7033
22.03.2018,1,57.4954
23.03.2018,1,56.8391
24.03.2018,1,57.1072
27.03.2018,1,57.0039
28.03.2018,1,57.1747
29.03.2018,1,57.5598
30.03.2018,1,57.7626
31.03.2018,1,57.2649
03.04.2018,1,57.2850
04.04.2018,1,57.5375
05.04.2018,1,57.7646
06.04.2018,1,57.5796
07.04.2018,1,57.8332
10.04.2018,1,58.5714
11.04.2018,1,62.3699
12.04.2018,1,64.0626
13.04.2018,1,62.0659
14.04.2018,1,61.4311
17.04.2018,1,62.2794
18.04.2018,1,61.1454
19.04.2018,1,61.5539
20.04.2018,1,60.8583
21.04.2018,1,61.3222
24.04.2018,1,61.7655
25.04.2018,1,61.6644
26.04.2018,1,61.7494
27.04.2018,1,62.6027
28.04.2018,1,62.7260
29.04.2018,1,61.9997
04.05.2018,1,63.4860
05.05.2018,1,63.2012
08.05.2018,1,62.7148
09.05.2018,1,63.0066
11.05.2018,1,62.5229
12.05.2018,1,61.7354
15.05.2018,1,61.7684
16.05.2018,1,61.9164
17.05.2018,1,62.3033
18.05.2018,1,61.8215
19.05.2018,1,61.9408
22.05.2018,1,62.5327
23.05.2018,1,61.2610
24.05.2018,1,61.5945
25.05.2018,1,61.4090
26.05.2018,1,61.6659
29.05.2018,1,62.2710
30.05.2018,1,62.6420
31.05.2018,1,62.5937
01.06.2018,1,62.0188
02.06.2018,1,62.2056
05.06.2018,1,61.9290
06.06.2018,1,61.9822
07.06.2018,1,62.0064
08.06.2018,1,61.8125
09.06.2018,1,62.6680
10.06.2018,1,62.3431
14.06.2018,1,63.1164
15.06.2018,1,62.2511
16.06.2018,1,62.6851
19.06.2018,1,63.4838
20.06.2018,1,64.0683
21.06.2018,1,63.6175
22.06.2018,1,63.7873
23.06.2018,1,63.2396
26.06.2018,1,62.9497
27.06.2018,1,62.7908
28.06.2018,1,63.1359
29.06.2018,1,63.2910
30.06.2018,1,62.7565
03.07.2018,1,63.1394
04.07.2018,1,63.2194
05.07.2018,1,63.2267
06.07.2018,1,63.2604
07.07.2018,1,63.1216
10.07.2018,1,62.8338
11.07.2018,1,62.4442
12.07.2018,1,62.0980
13.07.2018,1,62.2062
14.07.2018,1,62.2934
17.07.2018,1,62.2556
18.07.2018,1,62.4352
19.07.2018,1,62.9006
20.07.2018,1,63.2746
21.07.2018,1,63.4888
24.07.2018,1,63.1957
25.07.2018,1,62.9235
26.07.2018,1,63.0836
27.07.2018,1,62.9471
28.07.2018,1,62.9726
31.07.2018,1,62.7805
01.08.2018,1,62.3497
02.08.2018,1,62.5590
03.08.2018,1,63.1358
04.08.2018,1,63.4549
07.08.2018,1,63.4975
08.08.2018,1,63.5425
09.08.2018,1,63.5950
10.08.2018,1,66.2856
11.08.2018,1,66.9075
14.08.2018,1,68.2234
15.08.2018,1,66.7535
16.08.2018,1,66.3772
17.08.2018,1,66.8932
18.08.2018,1,66.8757
21.08.2018,1,67.1807
22.08.2018,1,67.1783
23.08.2018,1,67.6163
24.08.2018,1,68.5259
25.08.2018,1,67.7911
28.08.2018,1,67.3963
29.08.2018,1,67.3911
30.08.2018,1,68.1451
31.08.2018,1,68.0821
01.09.2018,1,68.0447
04.09.2018,1,67.7443
05.09.2018,1,68.2737
06.09.2018,1,68.4628
07.09.2018,1,68.2505
08.09.2018,1,69.0286
11.09.2018,1,69.8685
12.09.2018,1,69.9744
13.09.2018,1,69.5728
14.09.2018,1,68.6370
15.09.2018,1,68.2826
18.09.2018,1,68.1958
19.09.2018,1,67.7519
20.09.2018,1,67.0098
21.09.2018,1,66.4725
22.09.2018,1,66.2497
25.09.2018,1,66.1594
26.09.2018,1,65.8244
27.09.2018,1,65.7585
28.09.2018,1,65.8355
29.09.2018,1,65.5906
02.10.2018,1,65.5745
03.10.2018,1,65.2221
04.10.2018,1,65.4244
05.10.2018,1,66.2115
06.10.2018,1,66.6270
09.10.2018,1,66.9685
10.10.2018,1,66.4032
11.10.2018,1,66.1832
12.10.2018,1,66.7727
13.10.2018,1,65.9751
16.10.2018,1,65.7508
17.10.2018,1,65.5305
18.10.2018,1,65.4026
19.10.2018,1,65.7238
20.10.2018,1,65.8140
23.10.2018,1,65.3065
24.10.2018,1,65.3101
25.10.2018,1,65.6299
26.10.2018,1,65.7476
27.10.2018,1,65.6345
30.10.2018,1,65.8129
31.10.2018,1,65.7742
01.11.2018,1,65.5962
02.11.2018,1,65.6517
03.11.2018,1,65.5799
07.11.2018,1,65.9912
08.11.2018,1,66.0918
09.11.2018,1,66.2155
10.11.2018,1,66.8497
13.11.2018,1,67.5238
14.11.2018,1,67.6812
15.11.2018,1,67.9975
16.11.2018,1,66.6159
17.11.2018,1,65.9931
20.11.2018,1,66.0081
21.11.2018,1,65.5871
22.11.2018,1,65.9485
23.11.2018,1,65.6067
24.11.2018,1,65.6664
27.11.2018,1,66.5072
28.11.2018,1,66.7800
29.11.2018,1,66.9436
30.11.2018,1,66.6342
01.12.2018,1,66.5335
04.12.2018,1,66.2921
05.12.2018,1,66.4467
06.12.2018,1,66.8242
07.12.2018,1,66.7377
08.12.2018,1,66.9227
11.12.2018,1,66.2416
12.12.2018,1,66.5022
13.12.2018,1,66.4225
14.12.2018,1,66.2550
15.12.2018,1,66.4337
18.12.2018,1,66.6208
19.12.2018,1,66.7454
20.12.2018,1,67.1121
21.12.2018,1,67.3710
22.12.2018,1,68.0085
25.12.2018,1,68.4073
26.12.2018,1,68.7448
27.12.2018,1,68.8865
28.12.2018,1,68.8762
29.12.2018,1,69.5218
30.12.2018,1,69.4706
10.01.2019,1,67.0795
11.01.2019,1,66.8605
12.01.2019,1,66.9167
15.01.2019,1,67.1920
16.01.2019,1,67.0820
17.01.2019,1,66.7617
18.01.2019,1,66.4438
19.01.2019,1,66.3309
22.01.2019,1,66.3634
23.01.2019,1,66.5499
24.01.2019,1,66.3318
25.01.2019,1,66.0016
26.01.2019,1,65.9170
29.01.2019,1,65.9300
30.01.2019,1,66.3412
31.01.2019,1,66.0987
01.02.2019,1,65.3577
02.02.2019,1,65.6601
05.02.2019,1,65.5859
06.02.2019,1,65.5691
07.02.2019,1,65.6686
08.02.2019,1,66.0199
09.02.2019,1,66.0628
12.02.2019,1,65.6517
13.02.2019,1,65.7147
14.02.2019,1,65.6783
15.02.2019,1,66.5429
16.02.2019,1,66.7044
19.02.2019,1,66.2470
20.02.2019,1,66.2022
21.02.2019,1,65.8568
22.02.2019,1,65.5401
23.02.2019,1,65.5149
26.02.2019,1,65.2582
27.02.2019,1,65.6182
28.02.2019,1,65.7570
01.03.2019,1,65.8895
02.03.2019,1,65.8145
05.03.2019,1,65.7956
06.03.2019,1,65.8004
07.03.2019,1,65.8430
08.03.2019,1,65.9646
12.03.2019,1,66.0763
13.03.2019,1,65.7674
14.03.2019,1,65.5890
15.03.2019,1,65.4021
16.03.2019,1,65.4201
19.03.2019,1,64.6694
20.03.2019,1,64.3167
21.03.2019,1,64.2803
22.03.2019,1,63.7420
23.03.2019,1,63.7705
26.03.2019,1,64.4993
27.03.2019,1,64.1683
28.03.2019,1,64.5925
29.03.2019,1,64.8012
30.03.2019,1,64.7347
02.04.2019,1,65.4176
03.04.2019,1,65.4726
04.04.2019,1,65.1639
05.04.2019,1,65.3281
06.04.2019,1,65.4072
09.04.2019,1,65.3498
10.04.2019,1,64.7766
11.04.2019,1,64.7373
12.04.2019,1,64.3991
13.04.2019,1,64.5171
16.04.2019,1,64.2469
17.04.2019,1,64.2422
18.04.2019,1,63.9450
19.04.2019,1,64.0688
20.04.2019,1,63.9602
23.04.2019,1,63.7860
24.04.2019,1,63.7906
25.04.2019,1,63.9798
26.04.2019,1,64.6794
27.04.2019,1,64.7053
30.04.2019,1,64.6917
01.05.2019,1,64.6314
07.05.2019,1,65.3350
08.05.2019,1,65.2166
09.05.2019,1,65.2287
14.05.2019,1,65.4703
15.05.2019,1,65.3001
16.05.2019,1,64.8489
17.05.2019,1,64.5598
18.05.2019,1,64.6327
21.05.2019,1,64.4888
22.05.2019,1,64.5372
23.05.2019,1,64.4156
24.05.2019,1,64.4913
25.05.2019,1,64.6106
28.05.2019,1,64.4636
29.05.2019,1,64.5394
30.05.2019,1,64.9084
31.05.2019,1,65.0583
01.06.2019,1,65.3834
04.06.2019,1,65.5547
05.06.2019,1,65.1614
06.06.2019,1,65.1243
07.06.2019,1,65.2340
08.06.2019,1,65.0395
11.06.2019,1,64.7919
12.06.2019,1,64.5158
14.06.2019,1,64.6314
15.06.2019,1,64.4326
18.06.2019,1,64.3187
19.06.2019,1,64.3352
20.06.2019,1,63.9794
21.06.2019,1,63.3877
22.06.2019,1,63.1295
25.06.2019,1,62.9095
26.06.2019,1,62.5229
27.06.2019,1,62.8083
28.06.2019,1,63.0452
29.06.2019,1,63.0756
02.07.2019,1,63.0541
03.07.2019,1,63.2265
04.07.2019,1,63.4951
05.07.2019,1,63.4013
06.07.2019,1,63.5841
09.07.2019,1,63.8699
10.07.2019,1,63.7660
11.07.2019,1,63.7988
12.07.2019,1,62.9944
13.07.2019,1,63.0204
16.07.2019,1,62.8280
17.07.2019,1,62.8129
18.07.2019,1,62.9451
19.07.2019,1,62.8286
20.07.2019,1,62.8666
23.07.2019,1,62.9776
24.07.2019,1,63.1290
25.07.2019,1,63.1162
26.07.2019,1,63.1572
27.07.2019,1,63.1271
30.07.2019,1,63.5210
31.07.2019,1,63.3791
01.08.2019,1,63.4172
02.08.2019,1,63.8340
03.08.2019,1,64.6423
06.08.2019,1,65.0546
07.08.2019,1,65.2030
08.08.2019,1,65.0932
09.08.2019,1,65.1299
10.08.2019,1,65.2543
13.08.2019,1,65.4287
14.08.2019,1,65.6017
15.08.2019,1,65.2032
16.08.2019,1,65.8907
17.08.2019,1,65.9961
20.08.2019,1,66.6082
21.08.2019,1,66.7840
22.08.2019,1,66.2630
23.08.2019,1,65.6196
24.08.2019,1,65.6046
27.08.2019,1,65.9735
28.08.2019,1,66.2608
29.08.2019,1,66.4127
30.08.2019,1,66.7471
31.08.2019,1,66.4897
03.09.2019,1,66.6235
04.09.2019,1,66.9072
05.09.2019,1,66.5002
06.09.2019,1,66.0528
07.09.2019,1,65.9981
10.09.2019,1,65.5698
11.09.2019,1,65.4393
12.09.2019,1,65.4321
13.09.2019,1,65.1909
14.09.2019,1,64.4711
17.09.2019,1,63.8272
18.09.2019,1,64.1213
19.09.2019,1,64.4290
20.09.2019,1,64.2199
21.09.2019,1,63.8487
24.09.2019,1,63.9453
25.09.2019,1,63.7060
26.09.2019,1,64.1873
27.09.2019,1,64.2888
28.09.2019,1,64.4156
01.10.2019,1,64.6407
02.10.2019,1,65.0670
03.10.2019,1,65.4399
04.10.2019,1,65.1312
05.10.2019,1,65.0300
08.10.2019,1,64.8259
09.10.2019,1,64.8672
10.10.2019,1,65.0976
11.10.2019,1,64.7416
12.10.2019,1,64.2237
15.10.2019,1,64.3652
16.10.2019,1,64.2548
17.10.2019,1,64.3455
18.10.2019,1,64.0144
19.10.2019,1,63.9542
22.10.2019,1,63.7606
23.10.2019,1,63.6336
24.10.2019,1,63.7997
25.10.2019,1,63.8600
26.10.2019,1,63.9966
29.10.2019,1,63.8700
30.10.2019,1,63.8320
31.10.2019,1,63.8734
01.11.2019,1,63.7748
02.11.2019,1,64.0316
06.11.2019,1,63.2480
07.11.2019,1,63.5880
08.11.2019,1,63.7298
09.11.2019,1,63.7295
12.11.2019,1,63.9121
13.11.2019,1,63.8530
14.11.2019,1,64.2009
15.11.2019,1,64.2101
16.11.2019,1,63.8881
19.11.2019,1,63.7542
20.11.2019,1,63.7730
21.11.2019,1,64.0213
22.11.2019,1,63.8430
23.11.2019,1,63.7101
26.11.2019,1,63.7637
27.11.2019,1,64.0239
28.11.2019,1,63.9722
29.11.2019,1,64.1005
30.11.2019,1,64.0817
03.12.2019,1,64.4097
04.12.2019,1,64.1401
05.12.2019,1,64.1948
06.12.2019,1,63.8135
07.12.2019,1,63.7185
10.12.2019,1,63.7244
11.12.2019,1,63.5788
12.12.2019,1,63.5653
13.12.2019,1,63.2257
14.12.2019,1,62.5544
17.12.2019,1,62.7686
18.12.2019,1,62.5326
19.12.2019,1,62.5831
20.12.2019,1,62.5283
21.12.2019,1,62.4071
24.12.2019,1,62.2499
25.12.2019,1,62.1673
26.12.2019,1,61.7164
27.12.2019,1,61.7676
28.12.2019,1,62.0315
31.12.2019,1,61.9057
01.01.2020,1,61.9057
10.01.2020,1,61.2340
11.01.2020,1,61.2632
14.01.2020,1,60.9474
15.01.2020,1,61.4140
16.01.2020,1,61.4328
17.01.2020,1,61.5694
18.01.2020,1,61.5333
21.01.2020,1,61.4654
22.01.2020,1,61.8552
23.01.2020,1,61.8343
24.01.2020,1,61.9515
25.01.2020,1,61.8031
28.01.2020,1,62.3380
29.01.2020,1,62.8299
30.01.2020,1,62.3934
31.01.2020,1,63.0359
01.02.2020,1,63.1385
04.02.2020,1,63.9091
05.02.2020,1,63.4342
06.02.2020,1,63.1742
07.02.2020,1,62.7977
08.02.2020,1,63.4720
11.02.2020,1,63.7708
12.02.2020,1,63.9490
13.02.2020,1,63.0470
14.02.2020,1,63.6016
15.02.2020,1,63.4536
18.02.2020,1,63.3085
19.02.2020,1,63.7698
20.02.2020,1,63.6873
21.02.2020,1,63.7413
22.02.2020,1,64.3008
26.02.2020,1,64.9213
27.02.2020,1,65.5177
28.02.2020,1,65.6097
29.02.2020,1,66.9909
03.03.2020,1,66.3274
04.03.2020,1,66.4437
05.03.2020,1,66.0784
06.03.2020,1,66.1854
07.03.2020,1,67.5175
11.03.2020,1,72.0208
12.03.2020,1,71.4720
13.03.2020,1,74.0274
14.03.2020,1,73.1882
17.03.2020,1,74.1262
18.03.2020,1,73.8896
19.03.2020,1,77.2131
20.03.2020,1,80.1570
21.03.2020,1,78.0443
24.03.2020,1,80.8815
25.03.2020,1,78.8493
26.03.2020,1,77.7928
27.03.2020,1,78.7223
28.03.2020,1,77.7325
07.04.2020,1,76.4074
08.04.2020,1,75.4550
09.04.2020,1,75.7499
10.04.2020,1,74.6050
11.04.2020,1,73.7515
14.04.2020,1,73.5245
15.04.2020,1,73.3150
16.04.2020,1,73.7145
17.04.2020,1,74.7119
18.04.2020,1,73.9441
21.04.2020,1,74.6657
22.04.2020,1,76.2562
23.04.2020,1,77.0416
24.04.2020,1,75.1290
25.04.2020,1,74.7163
28.04.2020,1,74.4960
29.04.2020,1,74.5706
30.04.2020,1,73.6894
01.05.2020,1,72.7263
07.05.2020,1,73.9719
08.05.2020,1,74.1169
09.05.2020,1,73.8725
13.05.2020,1,73.4326
14.05.2020,1,73.5819
15.05.2020,1,73.9298
16.05.2020,1,73.2056
19.05.2020,1,72.9798
20.05.2020,1,72.3918
21.05.2020,1,72.3381
22.05.2020,1,70.9240
23.05.2020,1,71.8804
26.05.2020,1,71.5962
27.05.2020,1,71.1408
28.05.2020,1,71.0635
29.05.2020,1,71.1012
30.05.2020,1,70.7520
02.06.2020,1,69.7114
03.06.2020,1,68.9831
04.06.2020,1,68.3413
05.06.2020,1,69.0151
06.06.2020,1,68.6319
09.06.2020,1,68.3123
10.06.2020,1,68.6745
11.06.2020,1,68.6183
12.06.2020,1,69.1219
16.06.2020,1,70.3950
17.06.2020,1,69.7524
18.06.2020,1,69.4822
19.06.2020,1,69.6180
20.06.2020,1,69.5725
23.06.2020,1,69.4835
24.06.2020,1,68.8376
25.06.2020,1,68.8376
26.06.2020,1,69.4660
27.06.2020,1,69.1284
30.06.2020,1,69.9513
01.07.2020,1,70.4413
02.07.2020,1,70.4413
03.07.2020,1,70.5198
04.07.2020,1,70.4999
07.07.2020,1,71.3409
08.07.2020,1,72.1719
09.07.2020,1,71.2379
10.07.2020,1,70.8800
11.07.2020,1,71.2298
14.07.2020,1,70.7479
15.07.2020,1,71.1275
16.07.2020,1,70.7998
17.07.2020,1,71.2310
18.07.2020,1,71.7139
21.07.2020,1,71.9628
22.07.2020,1,70.9668
23.07.2020,1,70.7881
24.07.2020,1,70.9630
25.07.2020,1,71.5974
28.07.2020,1,71.5850
29.07.2020,1,71.9196
30.07.2020,1,72.2348
31.07.2020,1,73.3633
01.08.2020,1,73.4261
04.08.2020,1,74.1586
05.08.2020,1,73.3806
06.08.2020,1,73.2806
07.08.2020,1,73.0397
08.08.2020,1,73.6376
11.08.2020,1,73.7750
12.08.2020,1,73.1522
13.08.2020,1,73.2351
14.08.2020,1,73.6067
15.08.2020,1,73.2157
18.08.2020,1,72.9676
19.08.2020,1,73.4321
20.08.2020,1,73.2392
21.08.2020,1,73.7711
22.08.2020,1,74.0999
25.08.2020,1,74.4184
26.08.2020,1,74.5126
27.08.2020,1,75.5379
28.08.2020,1,75.2354
29.08.2020,1,74.6382
01.09.2020,1,73.8039
02.09.2020,1,73.5849
03.09.2020,1,73.8588
04.09.2020,1,75.4680
05.09.2020,1,75.1823
08.09.2020,1,75.5910
09.09.2020,1,75.9645
10.09.2020,1,76.0713
11.09.2020,1,75.5274
12.09.2020,1,74.8896
15.09.2020,1,74.7148
16.09.2020,1,75.1884
17.09.2020,1,74.9278
18.09.2020,1,75.1941
19.09.2020,1,75.0319
22.09.2020,1,76.0381
23.09.2020,1,76.2711
24.09.2020,1,76.3545
25.09.2020,1,77.1780
26.09.2020,1,76.8195
29.09.2020,1,78.6713
30.09.2020,1,79.6845
01.10.2020,1,78.7847
02.10.2020,1,77.2774
03.10.2020,1,78.0915
06.10.2020,1,78.1281
07.10.2020,1,78.5119
08.10.2020,1,78.0921
09.10.2020,1,77.9157
10.10.2020,1,77.0284
13.10.2020,1,77.0239
14.10.2020,1,77.2855
15.10.2020,1,77.2759
16.10.2020,1,77.9461
17.10.2020,1,77.9644
20.10.2020,1,77.9241
21.10.2020,1,77.7780
22.10.2020,1,77.0322
23.10.2020,1,77.0809
24.10.2020,1,76.4667
27.10.2020,1,76.4443
28.10.2020,1,76.4556
29.10.2020,1,77.5520
30.10.2020,1,78.8699
31.10.2020,1,79.3323
03.11.2020,1,80.5749
04.11.2020,1,80.0006
06.11.2020,1,78.4559
07.11.2020,1,77.1875
10.11.2020,1,76.9515
11.11.2020,1,76.3978
12.11.2020,1,76.2075
13.11.2020,1,77.1148
14.11.2020,1,77.3262
17.11.2020,1,76.9197
18.11.2020,1,76.2530
19.11.2020,1,75.9268
20.11.2020,1,76.2627
21.11.2020,1,76.0120
24.11.2020,1,75.7600
25.11.2020,1,75.8146
26.11.2020,1,75.4727
27.11.2020,1,75.4518
28.11.2020,1,75.8599
01.12.2020,1,76.1999
02.12.2020,1,76.3203
03.12.2020,1,75.6151
04.12.2020,1,75.1996
05.12.2020,1,74.2529
08.12.2020,1,74.2506
09.12.2020,1,73.6618
10.12.2020,1,73.3057
11.12.2020,1,73.7124
12.12.2020,1,73.1195
15.12.2020,1,72.9272
16.12.2020,1,73.4453
17.12.2020,1,73.4201
18.12.2020,1,72.9781
19.12.2020,1,73.3155
22.12.2020,1,74.6721
23.12.2020,1,75.3498
24.12.2020,1,75.4571
25.12.2020,1,74.8392
26.12.2020,1,73.6921
29.12.2020,1,73.7175
30.12.2020,1,73.6567
31.12.2020,1,73.8757
01.01.2021,1,73.8757
12.01.2021,1,74.5157
13.01.2021,1,74.2663
14.01.2021,1,73.5264
15.01.2021,1,73.7961
16.01.2021,1,73.5453
19.01.2021,1,73.9735
20.01.2021,1,73.7243
21.01.2021,1,73.3550
22.01.2021,1,73.3694
23.01.2021,1,74.3615
26.01.2021,1,74.8569
27.01.2021,1,75.6354
28.01.2021,1,75.0400
29.01.2021,1,76.1854
30.01.2021,1,76.2527
02.02.2021,1,75.5053
03.02.2021,1,75.9051
04.02.2021,1,76.0801
05.02.2021,1,75.7293
06.02.2021,1,75.1107
09.02.2021,1,74.2602
10.02.2021,1,74.1192
11.02.2021,1,73.8526
12.02.2021,1,73.7579
13.02.2021,1,73.9378
16.02.2021,1,73.3092
17.02.2021,1,73.2895
18.02.2021,1,73.7669
19.02.2021,1,73.7755
20.02.2021,1,73.9717
21.02.2021,1,73.9833
25.02.2021,1,73.7532
26.02.2021,1,73.4747
27.02.2021,1,74.4373
02.03.2021,1,74.0448
03.03.2021,1,74.5755
04.03.2021,1,73.5187
05.03.2021,1,73.7864
06.03.2021,1,74.4275
10.03.2021,1,74.2640
11.03.2021,1,74.0393
12.03.2021,1,73.4996
13.03.2021,1,73.5081
16.03.2021,1,73.2317
17.03.2021,1,72.9619
18.03.2021,1,73.1019
19.03.2021,1,73.6582
20.03.2021,1,74.1390
23.03.2021,1,74.6085
24.03.2021,1,75.3585
25.03.2021,1,76.1535
26.03.2021,1,76.1741
27.03.2021,1,75.7576
30.03.2021,1,75.8287
31.03.2021,1,75.7023
01.04.2021,1,75.6373
02.04.2021,1,75.8073
03.04.2021,1,76.0734
06.04.2021,1,76.6052
07.04.2021,1,76.3802
08.04.2021,1,77.7730
09.04.2021,1,77.1011
10.04.2021,1,77.1657
13.04.2021,1,77.5104
14.04.2021,1,77.2535
15.04.2021,1,75.6826
16.04.2021,1,76.9808
17.04.2021,1,75.5535
20.04.2021,1,76.2491
21.04.2021,1,76.0155
22.04.2021,1,76.8198
23.04.2021,1,76.4217
24.04.2021,1,75.0893
27.04.2021,1,74.7680
28.04.2021,1,74.9578
29.04.2021,1,74.9390
30.04.2021,1,74.3823
01.05.2021,1,74.8451
05.05.2021,1,75.2567
06.05.2021,1,74.8617
07.05.2021,1,74.5770
08.05.2021,1,74.1373
12.05.2021,1,74.1567
13.05.2021,1,74.0400
14.05.2021,1,74.3566
15.05.2021,1,73.9968
18.05.2021,1,73.8537
19.05.2021,1,73.6992
20.05.2021,1,73.6778
21.05.2021,1,73.6007
22.05.2021,1,73.5803
25.05.2021,1,73.5266
26.05.2021,1,73.3963
27.05.2021,1,73.4737
28.05.2021,1,73.4580
29.05.2021,1,73.5870
01.06.2021,1,73.2965
02.06.2021,1,73.2411
03.06.2021,1,73.4979
04.06.2021,1,73.2636
05.06.2021,1,73.2721
08.06.2021,1,72.9294
09.06.2021,1,72.8256
10.06.2021,1,72.0829
11.06.2021,1,72.1974
12.06.2021,1,71.6797
16.06.2021,1,71.8318
17.06.2021,1,72.0323
18.06.2021,1,72.5048
19.06.2021,1,72.2216
22.06.2021,1,73.1987
23.06.2021,1,73.1661
24.06.2021,1,72.6671
25.06.2021,1,72.3260
26.06.2021,1,72.1694
29.06.2021,1,72.1777
30.06.2021,1,72.3723
01.07.2021,1,72.7234
02.07.2021,1,72.9086
03.07.2021,1,73.6175
06.07.2021,1,73.3540
07.07.2021,1,73.2660
08.07.2021,1,74.0580
09.07.2021,1,75.1952
10.07.2021,1,74.4675
13.07.2021,1,74.6336
14.07.2021,1,74.0589
15.07.2021,1,74.1236
16.07.2021,1,74.2197
17.07.2021,1,74.1656
20.07.2021,1,74.3463
21.07.2021,1,74.4910
22.07.2021,1,74.4947
23.07.2021,1,73.6945
24.07.2021,1,73.7663
27.07.2021,1,74.0980
28.07.2021,1,73.8471
29.07.2021,1,73.6088
30.07.2021,1,73.1904
31.07.2021,1,73.1388
03.08.2021,1,73.0156
04.08.2021,1,72.8724
05.08.2021,1,72.7857
06.08.2021,1,73.1680
07.08.2021,1,73.1304
10.08.2021,1,73.5078
11.08.2021,1,73.5962
12.08.2021,1,73.9695
13.08.2021,1,73.5671
14.08.2021,1,73.4721
17.08.2021,1,73.3920
18.08.2021,1,73.4753
19.08.2021,1,73.4633
20.08.2021,1,74.1503
21.08.2021,1,74.3640
24.08.2021,1,74.0666
25.08.2021,1,73.9465
26.08.2021,1,73.7428
27.08.2021,1,73.9908
28.08.2021,1,73.9866
31.08.2021,1,73.5744
01.09.2021,1,73.2781
02.09.2021,1,73.1912
03.09.2021,1,72.8491
04.09.2021,1,72.8545
07.09.2021,1,72.9538
08.09.2021,1,73.1909
09.09.2021,1,73.4421
10.09.2021,1,73.1290
11.09.2021,1,72.7600
14.09.2021,1,73.0841
15.09.2021,1,72.7171
16.09.2021,1,72.8520
17.09.2021,1,72.4329
18.09.2021,1,72.5602
21.09.2021,1,73.3315
22.09.2021,1,73.2067
23.09.2021,1,72.8806
24.09.2021,1,72.7245
25.09.2021,1,73.0081
28.09.2021,1,72.6613
29.09.2021,1,72.5083
30.09.2021,1,72.7608
01.10.2021,1,72.6642
02.10.2021,1,72.9215
05.10.2021,1,72.9239
06.10.2021,1,72.5686
07.10.2021,1,72.5682
08.10.2021,1,72.2854
09.10.2021,1,71.9882
12.10.2021,1,71.6373
13.10.2021,1,71.8801
14.10.2021,1,71.8577
15.10.2021,1,71.7846
16.10.2021,1,71.2371
19.10.2021,1,71.1714
20.10.2021,1,70.9674
21.10.2021,1,71.0555
22.10.2021,1,70.9904
23.10.2021,1,70.8623
26.10.2021,1,70.1345
27.10.2021,1,69.5526
28.10.2021,1,69.8104
29.10.2021,1,70.5207
30.10.2021,1,70.5200
02.11.2021,1,71.0863
03.11.2021,1,71.4783
04.11.2021,1,71.4876
09.11.2021,1,71.3975
10.11.2021,1,71.2866
11.11.2021,1,70.6950
12.11.2021,1,71.1964
13.11.2021,1,71.8118
16.11.2021,1,72.2724
17.11.2021,1,72.5553
18.11.2021,1,72.8228
19.11.2021,1,72.6022
20.11.2021,1,72.7617
23.11.2021,1,73.4506
24.11.2021,1,74.8327
25.11.2021,1,74.3726
26.11.2021,1,74.6004
27.11.2021,1,75.5873
30.11.2021,1,74.9818
01.12.2021,1,74.8926
02.12.2021,1,73.9746
03.12.2021,1,74.0637
04.12.2021,1,73.7426
07.12.2021,1,73.6694
08.12.2021,1,74.1399
09.12.2021,1,73.8453
10.12.2021,1,73.5998
11.12.2021,1,73.6059
14.12.2021,1,73.4107
15.12.2021,1,73.4698
16.12.2021,1,73.8510
17.12.2021,1,73.5708
18.12.2021,1,73.7330
21.12.2021,1,74.2947
22.12.2021,1,73.8206
23.12.2021,1,73.7901
24.12.2021,1,73.3583
25.12.2021,1,73.1886
28.12.2021,1,73.2329
29.12.2021,1,73.4959
30.12.2021,1,73.6514
31.12.2021,1,74.2926
11.01.2022,1,75.1315
12.01.2022,1,74.8355
13.01.2022,1,74.5277
14.01.2022,1,74.5686
15.01.2022,1,75.7668
18.01.2022,1,76.0404
19.01.2022,1,76.3347
20.01.2022,1,76.8697
21.01.2022,1,76.4408
22.01.2022,1,76.6903
25.01.2022,1,77.3649
26.01.2022,1,78.6422
27.01.2022,1,78.9437
28.01.2022,1,78.9470
29.01.2022,1,77.8174
01.02.2022,1,77.4702
02.02.2022,1,77.1302
03.02.2022,1,76.4849
04.02.2022,1,76.6501
05.02.2022,1,76.0509
08.02.2022,1,75.6806
09.02.2022,1,75.3042
10.02.2022,1,74.8015
11.02.2022,1,74.7241
12.02.2022,1,74.9867
15.02.2022,1,76.5762
16.02.2022,1,76.1660
17.02.2022,1,75.0141
18.02.2022,1,75.7527
19.02.2022,1,75.7619
22.02.2022,1,76.7671
23.02.2022,1,80.4194
25.02.2022,1,86.9288
26.02.2022,1,83.5485
01.03.2022,1,93.5589
02.03.2022,1,91.7457
03.03.2022,1,103.2487
04.03.2022,1,111.7564
05.03.2022,1,105.8124
06.03.2022,1,105.8124
10.03.2022,1,116.0847
11.03.2022,1,120.3785
12.03.2022,1,116.7517
15.03.2022,1,115.1963
16.03.2022,1,111.4823
17.03.2022,1,108.0521
18.03.2022,1,104.8012
19.03.2022,1,103.9524
22.03.2022,1,104.6819
23.03.2022,1,104.0741
24.03.2022,1,103.1618
25.03.2022,1,96.0458
26.03.2022,1,95.6618
29.03.2022,1,93.7125
30.03.2022,1,86.2843
31.03.2022,1,84.0851
01.04.2022,1,83.4097
02.04.2022,1,83.4285
05.04.2022,1,83.5932
06.04.2022,1,83.3520
07.04.2022,1,82.5962
08.04.2022,1,76.2547
09.04.2022,1,74.8501
12.04.2022,1,79.1596
13.04.2022,1,79.6274
14.04.2022,1,79.8471
15.04.2022,1,81.2880
16.04.2022,1,80.0437
19.04.2022,1,79.4529
20.04.2022,1,79.0287
21.04.2022,1,77.0809
22.04.2022,1,74.9990
23.04.2022,1,73.5050
26.04.2022,1,73.3611
27.04.2022,1,72.7089
28.04.2022,1,72.8764
29.04.2022,1,72.2953
30.04.2022,1,71.0237
05.05.2022,1,69.4160
06.05.2022,1,66.2378
07.05.2022,1,67.3843
12.05.2022,1,68.8389
13.05.2022,1,65.7916
14.05.2022,1,63.7799
17.05.2022,1,63.4445
18.05.2022,1,63.5428
19.05.2022,1,63.5643
20.05.2022,1,62.4031
21.05.2022,1,58.8862
24.05.2022,1,58.2087
25.05.2022,1,56.9690
26.05.2022,1,56.2996
27.05.2022,1,62.0495
28.05.2022,1,66.4029
31.05.2022,1,63.0975
01.06.2022,1,61.6069
02.06.2022,1,61.4733
03.06.2022,1,61.5750
04.06.2022,1,61.9659
07.06.2022,1,61.1094
08.06.2022,1,60.9565
09.06.2022,1,60.2282
10.06.2022,1,58.3895
11.06.2022,1,57.7780
15.06.2022,1,57.0926
16.06.2022,1,56.6624
17.06.2022,1,56.8691
18.06.2022,1,56.7101
21.06.2022,1,56.1727
22.06.2022,1,54.7081
23.06.2022,1,53.2788
24.06.2022,1,53.3578
25.06.2022,1,53.3234
28.06.2022,1,53.3641
29.06.2022,1,52.9699
30.06.2022,1,51.1580
01.07.2022,1,52.5123
02.07.2022,1,53.7676
05.07.2022,1,55.0858
06.07.2022,1,58.5118
07.07.2022,1,62.9110
08.07.2022,1,63.1427
09.07.2022,1,61.2664
12.07.2022,1,61.3045
13.07.2022,1,58.8541
14.07.2022,1,58.5322
15.07.2022,1,58.2568
16.07.2022,1,57.8323
19.07.2022,1,56.5616
20.07.2022,1,55.4370
21.07.2022,1,54.8491
22.07.2022,1,56.4783
23.07.2022,1,57.3917
26.07.2022,1,57.7821
27.07.2022,1,58.6605
28.07.2022,1,60.2198
29.07.2022,1,60.2031
30.07.2022,1,61.3101
02.08.2022,1,62.0506
03.08.2022,1,60.1595
04.08.2022,1,60.2374
05.08.2022,1,60.2580
06.08.2022,1,60.3696
09.08.2022,1,60.3164
10.08.2022,1,60.3814
11.08.2022,1,60.4542
12.08.2022,1,60.6229
13.08.2022,1,60.8993
16.08.2022,1,61.3747
17.08.2022,1,61.4247
18.08.2022,1,60.7552
19.08.2022,1,59.9570
20.08.2022,1,59.1321
23.08.2022,1,59.7419
24.08.2022,1,59.8963
25.08.2022,1,59.9974
26.08.2022,1,59.7699
27.08.2022,1,60.0924
30.08.2022,1,60.3636
31.08.2022,1,60.3677
01.09.2022,1,60.2386
02.09.2022,1,60.2370
03.09.2022,1,60.3713
06.09.2022,1,60.9033
07.09.2022,1,60.8544
08.09.2022,1,61.1814
09.09.2022,1,60.8010
10.09.2022,1,60.4696
13.09.2022,1,60.4568
14.09.2022,1,60.0676
15.09.2022,1,59.7751
16.09.2022,1,59.6663
17.09.2022,1,60.0316
20.09.2022,1,60.1662
21.09.2022,1,60.0158
22.09.2022,1,60.8685
23.09.2022,1,59.8318
24.09.2022,1,58.1006
27.09.2022,1,57.9990
28.09.2022,1,58.1756
29.09.2022,1,58.4485
30.09.2022,1,57.4130
01.10.2022,1,55.2987
04.10.2022,1,57.5664
05.10.2022,1,58.7913
06.10.2022,1,59.4043
07.10.2022,1,60.2534
08.10.2022,1,61.2475
11.10.2022,1,62.3126
12.10.2022,1,63.6840
13.10.2022,1,63.7559
14.10.2022,1,63.4917
15.10.2022,1,63.0558
18.10.2022,1,61.7634
19.10.2022,1,61.7032
20.10.2022,1,61.5905
21.10.2022,1,61.5018
22.10.2022,1,61.1958
25.10.2022,1,61.1629
26.10.2022,1,61.3326
27.10.2022,1,61.4277
28.10.2022,1,61.3589
29.10.2022,1,61.5343
01.11.2022,1,61.6229
02.11.2022,1,61.4275
03.11.2022,1,61.6175
04.11.2022,1,62.0955
08.11.2022,1,61.2367
09.11.2022,1,60.9774
10.11.2022,1,61.0611
11.11.2022,1,61.2434
12.11.2022,1,60.2179
15.11.2022,1,60.3982
16.11.2022,1,60.3116
17.11.2022,1,60.3484
18.11.2022,1,60.3894
19.11.2022,1,60.3741
22.11.2022,1,60.7379
23.11.2022,1,60.6566
24.11.2022,1,60.5043
25.11.2022,1,60.3866
26.11.2022,1,60.4797
29.11.2022,1,60.7520
30.11.2022,1,61.0742
01.12.2022,1,60.8803
02.12.2022,1,61.1479
03.12.2022,1,61.7749
06.12.2022,1,62.1849
07.12.2022,1,62.9103
08.12.2022,1,62.9372
09.12.2022,1,62.5722
10.12.2022,1,62.3813
13.12.2022,1,62.7674
14.12.2022,1,63.2120
15.12.2022,1,63.3590
16.12.2022,1,64.3015
17.12.2022,1,64.6078
20.12.2022,1,66.3474
21.12.2022,1,69.0037
22.12.2022,1,70.5256
23.12.2022,1,72.1306
24.12.2022,1,68.6760
27.12.2022,1,68.4487
28.12.2022,1,69.9346
29.12.2022,1,71.3261
30.12.2022,1,71.9778
31.12.2022,1,70.3375
10.01.2023,1,70.3002
11.01.2023,1,69.6094
12.01.2023,1,69.0202
13.01.2023,1,67.7775
14.01.2023,1,67.5744
17.01.2023,1,68.2892
18.01.2023,1,68.6644
19.01.2023,1,68.8728
20.01.2023,1,68.8467
21.01.2023,1,68.6656
24.01.2023,1,68.6288
25.01.2023,1,68.7529
26.01.2023,1,68.9573
27.01.2023,1,69.1263
28.01.2023,1,69.3372
31.01.2023,1,69.5927
01.02.2023,1,70.5174
02.02.2023,1,70.1217
03.02.2023,1,70.0414
04.02.2023,1,70.3847
07.02.2023,1,70.5991
08.02.2023,1,70.8924
09.02.2023,1,71.5763
10.02.2023,1,72.8949
11.02.2023,1,72.7923
14.02.2023,1,73.6307
15.02.2023,1,73.8645
16.02.2023,1,74.2077
17.02.2023,1,74.7638
18.02.2023,1,74.7588
21.02.2023,1,74.0432
22.02.2023,1,74.8596
23.02.2023,1,74.7087
28.02.2023,1,75.4323
01.03.2023,1,74.8932
02.03.2023,1,75.2513
03.03.2023,1,75.4729
04.03.2023,1,75.4592
07.03.2023,1,75.4728
08.03.2023,1,75.4577
10.03.2023,1,75.9028
11.03.2023,1,75.9406
14.03.2023,1,75.4609
15.03.2023,1,75.1927
16.03.2023,1,75.7457
17.03.2023,1,76.4095
18.03.2023,1,76.6044
21.03.2023,1,77.2422
22.03.2023,1,76.8373
23.03.2023,1,76.9561
24.03.2023,1,76.3072
25.03.2023,1,76.4479
28.03.2023,1,76.5662
29.03.2023,1,76.5939
30.03.2023,1,76.9781
31.03.2023,1,77.0863
01.04.2023,1,77.3233
04.04.2023,1,77.9510
05.04.2023,1,79.3563
06.04.2023,1,79.4961
07.04.2023,1,80.6713
08.04.2023,1,82.3988
11.04.2023,1,81.7441
12.04.2023,1,82.1799
13.04.2023,1,82.0934
14.04.2023,1,81.6758
15.04.2023,1,81.5045
18.04.2023,1,81.6279
19.04.2023,1,81.6028
20.04.2023,1,81.6549
21.04.2023,1,81.6188
22.04.2023,1,81.4863
25.04.2023,1,81.2745
26.04.2023,1,81.5499
27.04.2023,1,81.6274
28.04.2023,1,81.5601
29.04.2023,1,80.5093
03.05.2023,1,79.9609
04.05.2023,1,79.3071
05.05.2023,1,78.6139
06.05.2023,1,76.8207
11.05.2023,1,76.6929
12.05.2023,1,75.8846
13.05.2023,1,77.2041
16.05.2023,1,79.1004
17.05.2023,1,79.9798
18.05.2023,1,80.7642
19.05.2023,1,80.0366
20.05.2023,1,79.9093
23.05.2023,1,79.9379
24.05.2023,1,80.1665
25.05.2023,1,79.9669
26.05.2023,1,79.9841
27.05.2023,1,79.9667
30.05.2023,1,80.0555
31.05.2023,1,80.6872
01.06.2023,1,80.9942
02.06.2023,1,80.9657
03.06.2023,1,80.8756
06.06.2023,1,81.3294
07.06.2023,1,81.2502
08.06.2023,1,81.4581
09.06.2023,1,82.0930
10.06.2023,1,82.6417
14.06.2023,1,83.6405
15.06.2023,1,84.3249
16.06.2023,1,83.9611
17.06.2023,1,83.6498
20.06.2023,1,83.9866
21.06.2023,1,84.2336
22.06.2023,1,84.2467
23.06.2023,1,83.6077
24.06.2023,1,84.0793
27.06.2023,1,84.6642
28.06.2023,1,85.0504
29.06.2023,1,85.6192
30.06.2023,1,87.0341
01.07.2023,1,88.3844
04.07.2023,1,89.3255
05.07.2023,1,89.5450
06.07.2023,1,90.3380
07.07.2023,1,92.5695
08.07.2023,1,91.6879
11.07.2023,1,91.4931
12.07.2023,1,90.5045
13.07.2023,1,90.6253
14.07.2023,1,90.1757
15.07.2023,1,90.1190
18.07.2023,1,90.4217
19.07.2023,1,90.6906
20.07.2023,1,91.2046
21.07.2023,1,90.8545
22.07.2023,1,90.3846
25.07.2023,1,90.4890
26.07.2023,1,90.0945
27.07.2023,1,90.0468
28.07.2023,1,90.0225
29.07.2023,1,90.9783
01.08.2023,1,91.5923
02.08.2023,1,91.7755
03.08.2023,1,92.8410
04.08.2023,1,93.7792
05.08.2023,1,94.8076
08.08.2023,1,96.5668
09.08.2023,1,96.0755
10.08.2023,1,97.3999
11.08.2023,1,97.2794
12.08.2023,1,98.2066
15.08.2023,1,101.0399
16.08.2023,1,97.4217
17.08.2023,1,96.7045
18.08.2023,1,93.7460
19.08.2023,1,93.4047
22.08.2023,1,94.1424
23.08.2023,1,94.1185
24.08.2023,1,94.4421
25.08.2023,1,94.4007
26.08.2023,1,94.7117
29.08.2023,1,95.4717
30.08.2023,1,95.7070
31.08.2023,1,95.9283
01.09.2023,1,96.3344
02.09.2023,1,96.3411
05.09.2023,1,96.6199
06.09.2023,1,97.5383
07.09.2023,1,97.8439
08.09.2023,1,98.1961
09.09.2023,1,97.9241
12.09.2023,1,96.5083
13.09.2023,1,94.7035
14.09.2023,1,95.9794
15.09.2023,1,96.1609
16.09.2023,1,96.6338
19.09.2023,1,96.6472
20.09.2023,1,96.2236
21.09.2023,1,96.6172
22.09.2023,1,96.0762
23.09.2023,1,96.0419
26.09.2023,1,96.1456
27.09.2023,1,96.2378
28.09.2023,1,96.5000
29.09.2023,1,97.0018
30.09.2023,1,97.4147
03.10.2023,1,98.4785
04.10.2023,1,99.2677
05.10.2023,1,99.4555
06.10.2023,1,99.6762
07.10.2023,1,100.4911
10.10.2023,1,101.3598
11.10.2023,1,99.9349
12.10.2023,1,99.9808
13.10.2023,1,96.9948
14.10.2023,1,97.3075
17.10.2023,1,97.2865
18.10.2023,1,97.3458
19.10.2023,1,97.3724
20.10.2023,1,97.3074
21.10.2023,1,95.9053
24.10.2023,1,94.7081
25.10.2023,1,93.5224
26.10.2023,1,93.1507
27.10.2023,1,93.5616
28.10.2023,1,93.2174
31.10.2023,1,93.2435
01.11.2023,1,92.0226
02.11.2023,1,93.2801
03.11.2023,1,93.1730
04.11.2023,1,93.0351
08.11.2023,1,92.4151
09.11.2023,1,92.1973
10.11.2023,1,91.9266
11.11.2023,1,92.0535
14.11.2023,1,92.1185
15.11.2023,1,91.2570
16.11.2023,1,89.4565
17.11.2023,1,88.9466
18.11.2023,1,89.1237
21.11.2023,1,88.4954
22.11.2023,1,87.8701
23.11.2023,1,88.1648
24.11.2023,1,88.1206
25.11.2023,1,88.8133
28.11.2023,1,88.7045
29.11.2023,1,88.6102
30.11.2023,1,88.8841
01.12.2023,1,88.5819
02.12.2023,1,89.7619
05.12.2023,1,90.6728
06.12.2023,1,91.5823
07.12.2023,1,92.7826
08.12.2023,1,92.5654
09.12.2023,1,91.6402
12.12.2023,1,90.9846
13.12.2023,1,90.2158
14.12.2023,1,89.8926
15.12.2023,1,89.6741
16.12.2023,1,89.6966
19.12.2023,1,90.4162
20.12.2023,1,90.0870
21.12.2023,1,90.4056
22.12.2023,1,91.7062
23.12.2023,1,91.9389
26.12.2023,1,91.9690
27.12.2023,1,91.7069
28.12.2023,1,91.7051
29.12.2023,1,90.3041
30.12.2023,1,89.6883
10.01.2024,1,90.4040
11.01.2024,1,89.3939
12.01.2024,1,88.7818
13.01.2024,1,88.1324
16.01.2024,1,87.6772
17.01.2024,1,87.6457
18.01.2024,1,88.3540
19.01.2024,1,88.6610
20.01.2024,1,88.5896
23.01.2024,1,87.9724
24.01.2024,1,87.9199
25.01.2024,1,88.2829
26.01.2024,1,88.6562
27.01.2024,1,89.5159
30.01.2024,1,89.6090
31.01.2024,1,89.2887
01.02.2024,1,89.6678
02.02.2024,1,90.2299
03.02.2024,1,90.6626
06.02.2024,1,91.2434
07.02.2024,1,90.6842
08.02.2024,1,91.1514
09.02.2024,1,91.2561
10.02.2024,1,90.8901
13.02.2024,1,91.0758
14.02.2024,1,91.2057
15.02.2024,1,91.4316
16.02.2024,1,91.8237
17.02.2024,1,92.5492
20.02.2024,1,92.4102
21.02.2024,1,92.3490
22.02.2024,1,92.4387
23.02.2024,1,92.7519
27.02.2024,1,92.6321
28.02.2024,1,92.0425
29.02.2024,1,91.8692
01.03.2024,1,90.8423
02.03.2024,1,91.3336
05.03.2024,1,91.3534
06.03.2024,1,91.1604
07.03.2024,1,90.3412
08.03.2024,1,90.7493
12.03.2024,1,90.6252
13.03.2024,1,90.8818
14.03.2024,1,91.5449
15.03.2024,1,91.6359
16.03.2024,1,91.8700
19.03.2024,1,91.9829
20.03.2024,1,92.2243
21.03.2024,1,92.6861
22.03.2024,1,91.9499
23.03.2024,1,92.6118
26.03.2024,1,92.7761
27.03.2024,1,92.5745
28.03.2024,1,92.5919
29.03.2024,1,92.2628
30.03.2024,1,92.3660
02.04.2024,1,92.2914
03.04.2024,1,92.5254
04.04.2024,1,92.3892
05.04.2024,1,92.3058
06.04.2024,1,92.4155
09.04.2024,1,92.5810
10.04.2024,1,92.7463
11.04.2024,1,93.2198
12.04.2024,1,93.7196
13.04.2024,1,93.4419
16.04.2024,1,93.5891
17.04.2024,1,94.0742
18.04.2024,1,94.3242
19.04.2024,1,94.0922
20.04.2024,1,93.4409
23.04.2024,1,93.2519
24.04.2024,1,93.2918
25.04.2024,1,92.5058
26.04.2024,1,92.1314
27.04.2024,1,92.0134
28.04.2024,1,91.7791
03.05.2024,1,92.0538
04.05.2024,1,91.6918
07.05.2024,1,91.3124
08.05.2024,1,91.1231
09.05.2024,1,91.8239
14.05.2024,1,91.6330
15.05.2024,1,91.3591
16.05.2024,1,91.2573
17.05.2024,1,90.9239
18.05.2024,1,90.9873
21.05.2024,1,90.6537
22.05.2024,1,90.4082
23.05.2024,1,90.1887
24.05.2024,1,90.2486
25.05.2024,1,89.7026
28.05.2024,1,88.6852
29.05.2024,1,88.4375
30.05.2024,1,89.2589
31.05.2024,1,89.7869
01.06.2024,1,90.1915
04.06.2024,1,89.3755
05.06.2024,1,88.7574
06.06.2024,1,88.7436
07.06.2024,1,88.7604
08.06.2024,1,88.7606
11.06.2024,1,88.9944
12.06.2024,1,89.0214
14.06.2024,1,88.2080
15.06.2024,1,89.0658
18.06.2024,1,89.0499
19.06.2024,1,87.0354
20.06.2024,1,82.6282
21.06.2024,1,85.4176
22.06.2024,1,87.9595
25.06.2024,1,87.3730
26.06.2024,1,87.2770
27.06.2024,1,87.8064
28.06.2024,1,84.9640
29.06.2024,1,85.7480
02.07.2024,1,87.2972
03.07.2024,1,87.9921
04.07.2024,1,87.9506
05.07.2024,1,88.1205
06.07.2024,1,88.1348
09.07.2024,1,88.1688
10.07.2024,1,88.0031
11.07.2024,1,87.8551
12.07.2024,1,87.9880
13.07.2024,1,87.7427
16.07.2024,1,87.8077
17.07.2024,1,88.2824
18.07.2024,1,88.0872
19.07.2024,1,87.8754
20.07.2024,1,88.0206
23.07.2024,1,87.7805
24.07.2024,1,87.2990
25.07.2024,1,86.5502
26.07.2024,1,85.4100
27.07.2024,1,85.5650
30.07.2024,1,86.5554
31.07.2024,1,86.3300
01.08.2024,1,86.1091
02.08.2024,1,85.7833
03.08.2024,1,85.7024
06.08.2024,1,84.9471
07.08.2024,1,85.1646
08.08.2024,1,85.9543
09.08.2024,1,86.5621
10.08.2024,1,87.9920
13.08.2024,1,89.9475
14.08.2024,1,92.6592
15.08.2024,1,90.0055
16.08.2024,1,88.7960
17.08.2024,1,88.9062
20.08.2024,1,89.5428
21.08.2024,1,90.6944
22.08.2024,1,91.6862
23.08.2024,1,91.2881
24.08.2024,1,91.6012
27.08.2024,1,91.7745
28.08.2024,1,91.4807
29.08.2024,1,91.4449
30.08.2024,1,91.4548
31.08.2024,1,91.1868
03.09.2024,1,90.0013
04.09.2024,1,88.6118
05.09.2024,1,88.9288
06.09.2024,1,89.7044
07.09.2024,1,89.8225
10.09.2024,1,90.3853
11.09.2024,1,91.1127
12.09.2024,1,91.2653
13.09.2024,1,91.1096
14.09.2024,1,90.9345
17.09.2024,1,91.1423
18.09.2024,1,91.4292
19.09.2024,1,91.6712
20.09.2024,1,92.6962
21.09.2024,1,92.5848
24.09.2024,1,92.9200
25.09.2024,1,92.8622
26.09.2024,1,92.3880
27.09.2024,1,92.4074
28.09.2024,1,92.7126
01.10.2024,1,93.2221
02.10.2024,1,93.3581
03.10.2024,1,94.5054
04.10.2024,1,95.0262
05.10.2024,1,94.8700
08.10.2024,1,96.0649
09.10.2024,1,96.1079
10.10.2024,1,96.9483
11.10.2024,1,97.2394
12.10.2024,1,96.0686
15.10.2024,1,96.1021
16.10.2024,1,97.0121
17.10.2024,1,97.2568
18.10.2024,1,97.1490
19.10.2024,1,96.4172
22.10.2024,1,96.0924
23.10.2024,1,96.5918
24.10.2024,1,96.6379
25.10.2024,1,96.7402
26.10.2024,1,96.6657
29.10.2024,1,97.2300
30.10.2024,1,97.3261
31.10.2024,1,97.0530
01.11.2024,1,97.0226
02.11.2024,1,97.4402
03.11.2024,1,97.5499
06.11.2024,1,98.0562
07.11.2024,1,98.2236
08.11.2024,1,98.0726
09.11.2024,1,97.8335
12.11.2024,1,97.9550
13.11.2024,1,97.9559
14.11.2024,1,98.3657
15.11.2024,1,99.0180
16.11.2024,1,99.9971
19.11.2024,1,99.9430
20.11.2024,1,100.0348
21.11.2024,1,100.2192
22.11.2024,1,100.6798
23.11.2024,1,102.5761
26.11.2024,1,103.7908
27.11.2024,1,105.0604
28.11.2024,1,108.0104
29.11.2024,1,109.5782
30.11.2024,1,107.7409
03.12.2024,1,107.1758
04.12.2024,1,106.1878
05.12.2024,1,104.2361
06.12.2024,1,103.3837
07.12.2024,1,99.4215
10.12.2024,1,99.3759
11.12.2024,1,100.0324
12.12.2024,1,103.2707
13.12.2024,1,103.9500
14.12.2024,1,103.4305
17.12.2024,1,102.9125
18.12.2024,1,102.9979
19.12.2024,1,102.7763
20.12.2024,1,103.4207
21.12.2024,1,102.3438
24.12.2024,1,101.6143
25.12.2024,1,99.8729
26.12.2024,1,99.6125
27.12.2024,1,99.2295
28.12.2024,1,100.5281
29.12.2024,1,101.6797
10.01.2025,1,102.2911
11.01.2025,1,101.9146
14.01.2025,1,102.7081
15.01.2025,1,103.4380
16.01.2025,1,102.8078
17.01.2025,1,102.3762
18.01.2025,1,102.4137
21.01.2025,1,101.9579
22.01.2025,1,99.9282
23.01.2025,1,98.2804
24.01.2025,1,99.0978
25.01.2025,1,98.2636
28.01.2025,1,97.1320
29.01.2025,1,97.9658
30.01.2025,1,98.0126
31.01.2025,1,98.0062
01.02.2025,1,97.8107
04.02.2025,1,99.9433
05.02.2025,1,98.5336
06.02.2025,1,98.0556
07.02.2025,1,96.9104
08.02.2025,1,97.2762
11.02.2025,1,96.7821
12.02.2025,1,95.8024
13.02.2025,1,94.0485
14.02.2025,1,91.0313
15.02.2025,1,90.3099
18.02.2025,1,91.4347
19.02.2025,1,91.3398
20.02.2025,1,90.4268
21.02.2025,1,88.5103
22.02.2025,1,88.1676
25.02.2025,1,88.2065
26.02.2025,1,86.6318
27.02.2025,1,85.9279
28.02.2025,1,87.6967
01.03.2025,1,88.2568
04.03.2025,1,89.2497
05.03.2025,1,89.2448
06.03.2025,1,89.7878
07.03.2025,1,89.5724
08.03.2025,1,89.1362
11.03.2025,1,88.3872
12.03.2025,1,86.5669
13.03.2025,1,86.6204
14.03.2025,1,86.6190
15.03.2025,1,85.5694
18.03.2025,1,84.3059
19.03.2025,1,81.5018
20.03.2025,1,82.8487
21.03.2025,1,84.3955
22.03.2025,1,84.6400
25.03.2025,1,83.8737
26.03.2025,1,84.1930
27.03.2025,1,84.2065
28.03.2025,1,83.8347
29.03.2025,1,83.6813
01.04.2025,1,85.4963
02.04.2025,1,84.8707
03.04.2025,1,84.5522
04.04.2025,1,84.3830
05.04.2025,1,84.2774
08.04.2025,1,86.1891
09.04.2025,1,85.4641
10.04.2025,1,86.0923
11.04.2025,1,85.0159
12.04.2025,1,84.0040
15.04.2025,1,82.7671
16.04.2025,1,82.3003
17.04.2025,1,82.5892
18.04.2025,1,82.0200
19.04.2025,1,81.1371
22.04.2025,1,80.7597
23.04.2025,1,81.4620
24.04.2025,1,82.3637
25.04.2025,1,82.8559
26.04.2025,1,82.6549
29.04.2025,1,82.5467
30.04.2025,1,81.5616
01.05.2025,1,81.4933
06.05.2025,1,81.9137
07.05.2025,1,80.9644
08.05.2025,1,80.8612
13.05.2025,1,80.8883
14.05.2025,1,80.5500
15.05.2025,1,80.2237
16.05.2025,1,80.3134
17.05.2025,1,80.7689
20.05.2025,1,80.4137
21.05.2025,1,80.3075
22.05.2025,1,79.7530
23.05.2025,1,79.7357
24.05.2025,1,79.7108
27.05.2025,1,79.6588
28.05.2025,1,79.6176
29.05.2025,1,79.6037
30.05.2025,1,78.4970
31.05.2025,1,78.6171
03.06.2025,1,79.1285
04.06.2025,1,78.8549
05.06.2025,1,78.5025
06.06.2025,1,79.1272
07.06.2025,1,79.1703
10.06.2025,1,79.1543
11.06.2025,1,78.6003
12.06.2025,1,79.0028
17.06.2025,1,78.5067
18.06.2025,1,78.7135
19.06.2025,1,78.7174
20.06.2025,1,78.4839
21.06.2025,1,78.5016
24.06.2025,1,78.2923
25.06.2025,1,78.3892
26.06.2025,1,78.1959
27.06.2025,1,78.2117
28.06.2025,1,78.4685
01.07.2025,1,78.5284
02.07.2025,1,78.4181
03.07.2025,1,78.6540
04.07.2025,1,78.7831
05.07.2025,1,78.8354
08.07.2025,1,78.7185
09.07.2025,1,78.1682
10.07.2025,1,78.1727
11.07.2025,1,77.9029
12.07.2025,1,77.8855
15.07.2025,1,78.3722
16.07.2025,1,77.9584
17.07.2025,1,77.9585
18.07.2025,1,78.1856
19.07.2025,1,78.3129
22.07.2025,1,78.3274
23.07.2025,1,78.0882
24.07.2025,1,78.4477
25.07.2025,1,78.8623
26.07.2025,1,79.5527
29.07.2025,1,79.5782
30.07.2025,1,82.2197
31.07.2025,1,81.8347
01.08.2025,1,80.3163
02.08.2025,1,80.3289
05.08.2025,1,79.6736
06.08.2025,1,80.0490
07.08.2025,1,80.1914
08.08.2025,1,79.3847
09.08.2025,1,79.7796
12.08.2025,1,79.6677
13.08.2025,1,79.8714
14.08.2025,1,79.6032
15.08.2025,1,79.7653
16.08.2025,1,80.0224
19.08.2025,1,80.4256
20.08.2025,1,80.3466
21.08.2025,1,80.1045
22.08.2025,1,80.2548
23.08.2025,1,80.7498
26.08.2025,1,80.6842
27.08.2025,1,80.5268
28.08.2025,1,80.4421
29.08.2025,1,80.2918
30.08.2025,1,80.3316
02.09.2025,1,80.4261
03.09.2025,1,80.5947
04.09.2025,1,80.8488
05.09.2025,1,81.2977
06.09.2025,1,81.5556
09.09.2025,1,82.3397
10.09.2025,1,83.2425
11.09.2025,1,84.9211
12.09.2025,1,85.6647
13.09.2025,1,84.3798
16.09.2025,1,83.0718
17.09.2025,1,82.8359
18.09.2025,1,82.9987
19.09.2025,1,83.1725
20.09.2025,1,83.5904
23.09.2025,1,84.0186
24.09.2025,1,83.3506
25.09.2025,1,83.9914
26.09.2025,1,83.6069
27.09.2025,1,83.6118
30.09.2025,1,82.8676
01.10.2025,1,82.6084
02.10.2025,1,81.4967
03.10.2025,1,81.0085
04.10.2025,1,81.8969
07.10.2025,1,83.0000
08.10.2025,1,81.9349
09.10.2025,1,81.5478
10.10.2025,1,81.4103
11.10.2025,1,81.1898
14.10.2025,1,80.8548
15.10.2025,1,79.9589
16.10.2025,1,78.8390
17.10.2025,1,79.0839
18.10.2025,1,80.9834
21.10.2025,1,81.3582
22.10.2025,1,81.3475
23.10.2025,1,81.6549
24.10.2025,1,81.2690
25.10.2025,1,80.9713
28.10.2025,1,78.9848
29.10.2025,1,79.8174
30.10.2025,1,79.4715
31.10.2025,1,80.5037
01.11.2025,1,80.9756
02.11.2025,1,80.8861
06.11.2025,1,81.1885
07.11.2025,1,81.3765
08.11.2025,1,81.2257
11.11.2025,1,81.0132
12.11.2025,1,81.3562
13.11.2025,1,81.2852
14.11.2025,1,80.6010
15.11.2025,1,81.1276
18.11.2025,1,81.1302
19.11.2025,1,81.0547
20.11.2025,1,80.9448
21.11.2025,1,80.7321
22.11.2025,1,79.0246
25.11.2025,1,78.9202
26.11.2025,1,78.9615
27.11.2025,1,78.5941
28.11.2025,1,78.2503
29.11.2025,1,78.2284
02.12.2025,1,77.7027
03.12.2025,1,77.4631
04.12.2025,1,77.9556
05.12.2025,1,76.9708
06.12.2025,1,76.0937
09.12.2025,1,77.2733
10.12.2025,1,76.8084
11.12.2025,1,77.8998
12.12.2025,1,79.3398
13.12.2025,1,79.7296
16.12.2025,1,79.4495
17.12.2025,1,79.4302
18.12.2025,1,80.3807
19.12.2025,1,80.0301
20.12.2025,1,80.7220
23.12.2025,1,79.3146
24.12.2025,1,78.5850
25.12.2025,1,78.4368
26.12.2025,1,77.8844
27.12.2025,1,77.6923
30.12.2025,1,77.4466
31.12.2025,1,78.2267
13.01.2026,1,78.7913
14.01.2026,1,78.8527
15.01.2026,1,78.5711
16.01.2026,1,78.5280
17.01.2026,1,77.8332
20.01.2026,1,77.7586
21.01.2026,1,77.8247
22.01.2026,1,77.5159
23.01.2026,1,76.0382
24.01.2026,1,75.9246
27.01.2026,1,76.0101
28.01.2026,1,76.5519
29.01.2026,1,76.2662
30.01.2026,1,76.0251
31.01.2026,1,75.7327
03.02.2026,1,77.0223
04.02.2026,1,76.9817
05.02.2026,1,76.9102
06.02.2026,1,76.5523
07.02.2026,1,77.0540
10.02.2026,1,77.6502
11.02.2026,1,77.2091
12.02.2026,1,77.4648
13.02.2026,1,77.1880
14.02.2026,1,77.1944
17.02.2026,1,76.6201
18.02.2026,1,76.7389
19.02.2026,1,76.1524
20.02.2026,1,76.6405
21.02.2026,1,76.7519
25.02.2026,1,76.6342
26.02.2026,1,76.4678
27.02.2026,1,77.1218
28.02.2026,1,77.2736
03.03.2026,1,77.1734
04.03.2026,1,77.6093
05.03.2026,1,77.8009
06.03.2026,1,78.1900
07.03.2026,1,79.1500
11.03.2026,1,78.7396
12.03.2026,1,79.0680
13.03.2026,1,79.0671
14.03.2026,1,80.2254
17.03.2026,1,81.0517
18.03.2026,1,81.9103
19.03.2026,1,83.1259
20.03.2026,1,84.8379
21.03.2026,1,83.9982
24.03.2026,1,81.8763
25.03.2026,1,80.9604
26.03.2026,1,80.7192
27.03.2026,1,82.1314
28.03.2026,1,81.1443
31.03.2026,1,81.2955
01.04.2026,1,81.2504
02.04.2026,1,80.6234
03.04.2026,1,80.3332
04.04.2026,1,79.7293
07.04.2026,1,78.7277
08.04.2026,1,78.7496
09.04.2026,1,78.3043
10.04.2026,1,77.8366
11.04.2026,1,76.9724
14.04.2026,1,76.2489
15.04.2026,1,75.8532
16.04.2026,1,75.2346
17.04.2026,1,76.0861
18.04.2026,1,76.0535
21.04.2026,1,75.2370
22.04.2026,1,74.5897
23.04.2026,1,74.9995
24.04.2026,1,74.8349
25.04.2026,1,75.5273
28.04.2026,1,74.8081
29.04.2026,1,74.6947
30.04.2026,1,74.8806
01.05.2026,1,74.8014
05.05.2026,1,75.4388
06.05.2026,1,75.3448
07.05.2026,1,75.2246
08.05.2026,1,74.6209
09.05.2026,1,74.2963
13.05.2026,1,73.7878
14.05.2026,1,73.3420
15.05.2026,1,73.1385
16.05.2026,1,73.1275
19.05.2026,1,72.3497
20.05.2026,1,71.2926
21.05.2026,1,70.9509
22.05.2026,1,70.7902
23.05.2026,1,71.2090
26.05.2026,1,71.5460
27.05.2026,1,71.6680
28.05.2026,1,70.9012
29.05.2026,1,71.3715
30.05.2026,1,71.0224
02.06.2026,1,71.5532
03.06.2026,1,72.5597
04.06.2026,1,73.3436
05.06.2026,1,74.2956
06.06.2026,1,73.4689
09.06.2026,1,73.2644
10.06.2026,1,71.7318
11.06.2026,1,71.7892
12.06.2026,1,71.9077
16.06.2026,1,72.4513
17.06.2026,1,72.1388
18.06.2026,1,72.7479
19.06.2026,1,73.3591
20.06.2026,1,73.4390
23.06.2026,1,73.7650
24.06.2026,1,74.6200
25.06.2026,1,74.7738
26.06.2026,1,75.6347
27.06.2026,1,77.0611
30.06.2026,1,77.7539
01.07.2026,1,78.2696
02.07.2026,1,78.2652
03.07.2026,1,77.9293
04.07.2026,1,77.2264
07.07.2026,1,77.9695
08.07.2026,1,76.1258
09.07.2026,1,76.4026
10.07.2026,1,75.9300
11.07.2026,1,76.6647
14.07.2026,1,76.6213
15.07.2026,1,77.4912
16.07.2026,1,77.9568
17.07.2026,1,78.3181
18.07.2026,1,78.3987
21.07.2026,1,78.3159
22.07.2026,1,78.5540
23.07.2026,1,78.4756
24.07.2026,1,78.4049
25.07.2026,1,78.0308
28.07.2026,1,78.0172
29.07.2026,1,78.6980
30.07.2026,1,79.3570
31.07.2026,1,79.8573
01.08.2026,1,79.4637
04.08.2026,1,80.0687
05.08.2026,1,81.1291
06.08.2026,1,80.9293
07.08.2026,1,81.4077
08.08.2026,1,82.1665
11.08.2026,1,82.6060
12.08.2026,1,82.3742
13.08.2026,1,82.9977
14.08.2026,1,83.8058
15.08.2026,1,84.5449
18.08.2026,1,85.0136
19.08.2026,1,85.1645
20.08.2026,1,85.1293
21.08.2026,1,83.3550
22.08.2026,1,82.9211
25.08.2026,1,83.2878
26.08.2026,1,84.4635
27.08.2026,1,84.2820
28.08.2026,1,85.9541
29.08.2026,1,85.6007
01.09.2026,1,86.3793
02.09.2026,1,86.7530
03.09.2026,1,86.9963
04.09.2026,1,86.8872
05.09.2026,1,86.5857
08.09.2026,1,86.1909
09.09.2026,1,86.4730
10.09.2026,1,85.4594
11.09.2026,1,84.3508
12.09.2026,1,84.2569
15.09.2026,1,84.3363
16.09.2026,1,84.2362
17.09.2026,1,84.1732
18.09.2026,1,84.5093
19.09.2026,1,84.1975
22.09.2026,1,84.0954
23.09.2026,1,84.0657